Quad_Cat,Mean,Min,Max,MeanRR,MedianRR,MinRR,MaxRR,LF,HF,VLF,Ibi,Bpm,Sdnn,Sdsd,Rmssd,Pnn50,pnn20,Pnn50pnn20
1,9.40476E-07,-0.741816124,0.919643098,1531,1562,14,3130,1.19475E-09,2.23183E-06,4.40352E-11,763.8231579,78.55952204,245.8757887,469.0529087,102253.7461,0.478902954,0.481012658,0.995614035
0,4.33064E-07,-0.38680876,0.452852538,1582,1599,1336,1695,1.06043E-10,1.28318E-07,2.94619E-12,794.1735537,75.57380108,240.8139839,468.7808272,127309.4367,0.477178423,0.477178423,1
0,9.0341E-06,-0.311828733,0.398468013,1637,1659.5,1421,1798,2.67931E-09,6.22543E-08,8.17779E-10,781.6612903,76.86879552,263.0732722,492.5614716,130746.3059,0.459459459,0.459459459,1
3,-1.60751E-05,-0.33081728,0.405026418,1724,1727,1574,1895,1.34521E-08,1.34818E-07,4.14795E-09,720.92,83.24153411,243.2807437,419.7978843,163218.7363,0.424749164,0.43812709,0.969465649
1,3.1E-06,-0.30337526,0.390093332,1634,1654,1354,1837,7.9534E-10,1.13508E-07,2.6881E-10,779.4172043,77.04453207,266.3037439,502.9144611,121215.41,0.480603448,0.487068966,0.986725664
2,2.87222E-05,-0.322879936,0.41884709,1545,1571.5,1270,1779,6.48765E-08,2.89145E-07,2.14885E-08,764.6075388,78.48403116,255.7090812,492.4841785,107366.4534,0.493333333,0.493333333,1
2,-1.91533E-05,-0.321923881,0.4403518,1489,1513,1178,1721,2.93584E-08,1.7484E-07,9.55869E-09,745.276087,80.47739446,232.243135,441.7738541,115639.0579,0.479302832,0.479302832,1
2,-6.51228E-06,-0.274164416,0.357305596,1395,1376,1148,1711,2.45568E-09,8.93362E-08,6.85088E-10,757.8770764,79.16673948,255.5275336,383.3385916,137529.0829,0.476666667,0.486666667,0.979452055
0,-1.54413E-05,-0.318349188,0.432836943,1608,1629.5,1294,1782,1.73203E-08,2.30434E-07,5.26672E-09,765.2005141,78.44083751,247.479055,450.2004223,143662.9239,0.43556701,0.443298969,0.98255814
1,2.6139E-05,-0.340873682,0.439093225,1660,1672,1474,1803,4.7619E-08,2.33392E-07,1.64133E-08,791.4332494,75.74652194,275.470175,522.0886031,117570.7226,0.477272727,0.477272727,1
3,-1.36474E-05,-0.324321058,0.450139017,1674,1689,1491,1813,6.46191E-09,1.80472E-07,1.86549E-09,760.4611399,79.03903741,256.2172204,456.1144733,140982.5478,0.442708333,0.442708333,1
3,-2.69161E-06,-0.299382595,0.389383924,1605,1600.5,1440,1772,1.03004E-09,1.2076E-07,8.36304E-11,794.1079545,75.56621294,258.9044988,506.8962086,77849.26191,0.497142857,0.497142857,1
1,-2.33478E-05,-0.377256526,0.412286158,1591,1599,1334,1764,4.68228E-08,3.62276E-07,1.53254E-08,730.4768612,82.19042432,238.4804932,309.5820185,121103.7761,0.413306452,0.481854839,0.857740586
0,-8.412E-06,-0.372207163,0.389334551,1496,1493,1384,1628,4.79673E-09,2.82932E-07,1.02001E-09,1142.482143,52.55955713,370.0718234,374.358399,220286.4892,0.275449102,0.335329341,0.821428571
0,5.25682E-05,-0.368753934,0.384403937,1547,1550,1458,1631,8.62645E-08,2.95793E-07,2.76026E-08,848.7134503,70.70284935,315.4693427,387.3282677,166505.7217,0.370588235,0.4,0.926470588
3,3.86699E-05,-0.374736508,0.440402883,1547,1562,1244,1764,8.18268E-08,8.76327E-07,2.4093E-08,739.7465753,81.02913454,270.1597526,396.5042782,159161.2329,0.419243986,0.494845361,0.847222222
1,7.62661E-05,-0.375880811,0.416544707,1628,1646,1352,1791,4.59772E-07,1.5282E-06,1.63006E-07,655.0307971,91.42838248,216.2294242,258.1665917,115234.6352,0.355716878,0.499092559,0.712727273
2,-2.93691E-05,-0.362904297,0.44541909,1405,1388,1181,1803,7.06651E-08,4.32045E-07,2.25141E-08,930.7810811,64.41941496,327.4328125,333.0237318,166664.4757,0.319783198,0.420054201,0.761290323
2,-2.33391E-06,-0.367291076,0.439520448,1385,1403,1116,1664,8.48816E-10,1.21169E-07,1.48263E-10,1182.613793,50.80026418,295.5924078,286.3634362,156904.0457,0.252595156,0.346020761,0.73
2,4.79911E-05,-0.381913338,0.451141314,1346,1326,1157,1665,1.19513E-07,5.41509E-07,3.69223E-08,1037.490909,57.93327624,295.1659855,315.6515893,148198.3684,0.264840183,0.351598174,0.753246753
0,-3.1493E-06,-0.3799006,0.412106083,1604,1610,1381,1750,7.74669E-10,1.77504E-07,2.18383E-10,745.5438596,80.45214103,238.7211804,337.7409228,111234.6746,0.427135678,0.484924623,0.880829016
1,-1.85872E-05,-0.391450514,0.434655067,1656,1659,1490,1769,2.75815E-08,3.08907E-07,8.37212E-09,621.0098814,96.49117242,175.913106,247.275555,114081.4326,0.382178218,0.516831683,0.739463602
3,1.69037E-05,-0.378197489,0.464194137,1568,1559,1315,1725,9.58854E-09,7.30319E-08,2.85365E-09,746.377551,80.26129056,265.0244893,443.4781329,158756.6826,0.441025641,0.497435897,0.886597938
3,0.000197341,-0.38477835,0.425825264,1681,1700,1492,1782,1.18694E-06,3.53155E-06,3.89806E-07,605.987013,99.04723956,136.5813422,210.9981115,102314.8442,0.32173913,0.495652174,0.649122807
1,1.2588E-05,-0.365843684,0.492099404,1588,1756.5,18,2054,1.30109E-08,3.45922E-08,4.44318E-09,849.6487119,70.63755343,247.8121281,468.9710796,92083.3543,0.478873239,0.483568075,0.990291262
0,1.24503E-05,-0.31886873,0.417124156,1516,1683.5,16,1777,6.55597E-09,1.45978E-08,2.17122E-09,844.4801762,70.90875163,247.5978039,493.8379853,38458.12069,0.5,0.5,1
0,3.97656E-05,-0.316681482,0.414405,1625,1630,1023,2129,5.02893E-08,1.09671E-07,1.58083E-08,813.8547486,73.99135397,226.538714,448.1861296,53833.03037,0.5,0.5,1
3,-5.25227E-06,-0.368184834,0.458995251,1596,1778,17,1839,2.26043E-09,3.73533E-07,4.48422E-10,869.6330645,68.86093686,276.3343114,530.4827654,86555.98198,0.48582996,0.48582996,1
1,6.65272E-06,-0.344184226,0.472329225,1590,1771,17,2404,3.58539E-09,1.84458E-08,1.24186E-09,829.3340961,72.41524688,259.2499444,473.1462837,117488.6028,0.470183486,0.470183486,1
2,4.58968E-05,-0.350083575,0.517126254,1575,1673,14,3368,1.60151E-07,3.79326E-07,5.477E-08,822.9522673,72.92763958,249.4354822,468.0735206,126169.6052,0.488038278,0.488038278,1
2,3.7334E-06,-0.334534003,0.440696337,1519,1674,17,2190,1.11672E-09,4.63513E-09,3.63399E-10,833.43309,71.92339809,243.2510689,480.7202148,58416.40993,0.497560976,0.497560976,1
2,-3.37915E-05,-0.356258272,0.470521487,1520,1663,16,1798,5.65881E-08,1.12964E-07,1.82623E-08,831.2335766,72.0889184,241.6661376,476.2551161,62237.85397,0.501831502,0.501831502,1
0,-5.28933E-06,-0.332795492,0.43883934,1721,1736,20,2291,2.86145E-09,3.1769E-08,6.32682E-10,854.3390805,70.19449305,251.6135971,493.5154241,70517.7029,0.492795389,0.492795389,1
1,2.09375E-06,-0.358669446,0.466282041,1597,1715.5,17,2078,2.96088E-09,7.56721E-08,1.55928E-10,818.875,73.27238931,239.8248058,447.6057493,107991.8983,0.477806789,0.485639687,0.983870968
3,5.51612E-05,-0.341027822,0.490130144,1520,1717.5,17,3412,9.69747E-08,2.10897E-07,3.04221E-08,797.2554348,75.37227794,245.4785587,435.0445111,120388.9315,0.448087432,0.453551913,0.987951807
3,-3.90543E-07,-0.346305144,0.470417338,1582,1778,17,2031,1.20955E-09,3.90679E-08,2.37804E-11,790.180791,75.99314069,253.1692029,440.3677569,137880.5654,0.4375,0.4375,1
1,5.39508E-05,-0.450431008,0.537260964,1729,1723,1347,2442,2.31909E-07,8.89256E-07,8.14942E-08,751.9233954,79.87985014,210.886231,368.625883,129214.2244,0.43153527,0.46473029,0.928571429
0,2.48706E-06,-0.421412411,0.552221299,1872,1848,1540,2395,4.50239E-10,2.72743E-07,8.71571E-11,700.729927,85.52590657,178.0732443,284.8536671,118122.9224,0.373626374,0.395604396,0.944444444
0,1.46296E-05,-0.419928444,0.571919631,1623,1643,1243,1809,1.01768E-08,2.20793E-07,2.19382E-09,784.4162162,76.45773244,230.7327336,422.5661136,134009.4334,0.451086957,0.467391304,0.965116279
3,1.10202E-05,-0.431684486,0.596172618,1469,1483,1181,1754,6.1798E-09,2.45751E-07,1.95514E-09,739.6027397,81.02913454,160.5022075,281.5245971,94198.55527,0.412371134,0.4604811,0.895522388
1,8.59842E-06,-0.417211569,0.52846552,1776,1748,1326,2363,6.29833E-09,1.59026E-07,2.07988E-09,750.4223602,80.02050112,211.2661614,366.3142646,126029.3233,0.423236515,0.437759336,0.966824645
2,-2.99608E-05,-0.421794981,0.534368881,1677,1684,1318,2162,6.95918E-08,3.33601E-07,2.33458E-08,765.2150776,78.48403116,221.0063866,391.2075598,133547.917,0.415555556,0.437777778,0.949238579
2,1.24784E-05,-0.430545089,0.52403644,1669,1692,1206,2118,1.40246E-08,4.84988E-07,4.07813E-09,774.0993228,77.50968144,228.4168876,398.9503592,142608.1949,0.42760181,0.450226244,0.949748744
2,1.82432E-05,-0.417413204,0.482942973,1671,1703,1234,1971,1.82086E-08,1.15614E-07,5.33057E-09,747.3344262,80.21530557,228.1118786,391.4767122,140650.6904,0.424342105,0.4375,0.969924812
0,2.7332E-06,-0.407368303,0.547288774,1704,1708.5,1305,2224,5.66326E-10,1.11469E-07,1.64422E-10,738.9354839,81.25666244,199.2112382,336.9442859,121389.189,0.407960199,0.432835821,0.942528736
1,-2.83732E-05,-0.426636479,0.582282715,1719,1719,1265,2397,5.47127E-08,2.63931E-07,1.93408E-08,728.3032407,82.40764824,198.2465571,338.3702126,124470.2154,0.415313225,0.438515081,0.947089947
3,0.000103725,-0.40858616,0.564242738,1591,1590,1291,1898,3.52786E-07,1.53115E-06,1.07771E-07,767.6596859,78.22420197,214.0098701,388.3934007,115107.4182,0.473684211,0.473684211,1
3,6.19957E-05,-0.420403338,0.559046714,1743,1761,1342,2112,1.20199E-07,8.84023E-07,3.85332E-08,735.9052632,81.54320153,209.740219,357.7679657,130406.9414,0.428571429,0.444444444,0.964285714
1,-3.47975E-05,-0.862087757,1.127704254,1704,1701.5,1489,1927,1.05025E-07,9.89849E-07,3.40472E-08,877.3333333,68.49202027,202.5813369,351.1459356,97096.74082,0.489104116,0.493946731,0.990196078
0,9.87253E-05,-0.878535671,1.121114757,1577,1584,1398,1732,4.39624E-07,1.8455E-06,1.36991E-07,984,60.95664614,331.7187255,418.6806509,218993.4009,0.396907216,0.443298969,0.895348837
0,0.000152439,-0.890837632,1.157008809,1692,1681,1492,1959,7.93573E-07,3.65747E-06,2.33148E-07,873.439759,68.64753396,201.8894917,340.4856238,87480.91814,0.478787879,0.484848485,0.9875
3,4.28423E-05,-0.779298221,1.027161299,1840,1843,1631,2174,9.30436E-08,1.00733E-06,2.9442E-08,627.7296512,95.40973179,125.5867376,206.7815896,78505.77595,0.565597668,0.61516035,0.91943128
1,-2.35659E-06,-0.898300658,1.180089264,1711,1718,1431,1917,4.42828E-10,3.23338E-07,1.55461E-10,897.1287129,66.95930362,221.6576798,359.4319464,111429.881,0.476426799,0.481389578,0.989690722
2,-4.46402E-05,-0.93085656,1.223771281,1719,1708,1448,2125,1.64987E-07,1.08776E-06,5.20427E-08,871.3459596,68.93398312,247.4446556,345.5063854,125131.0891,0.470886076,0.486075949,0.96875
2,-4.68402E-05,-0.835058119,1.095911221,1748,1747,1517,2111,1.8824E-07,1.33725E-06,5.74E-08,793.5150115,75.76396789,230.0413365,296.4589437,99774.2489,0.490740741,0.527777778,0.929824561
2,2.18138E-05,-0.827996265,1.110188602,1747,1742,1531,1955,2.35405E-08,2.89013E-07,7.60659E-09,859.0601504,69.99178623,216.298779,330.7680727,100407.5614,0.490566038,0.501886792,0.977443609
0,2.47976E-05,-0.875260273,1.127654951,1647,1645.5,1491,1857,4.36534E-08,2.25118E-07,1.35756E-08,875.1411765,68.58545023,228.4143244,358.9353073,143254.5189,0.466076696,0.480825959,0.969325153
1,-0.000213284,-0.915739339,1.214498561,1667,1676,1368,1975,3.12085E-06,7.87261E-06,1.09227E-06,941.5628743,63.7564946,274.8584294,386.8991368,164856.6862,0.447447447,0.462462462,0.967532468
3,-4.6267E-06,-0.768956618,1.0204047,1829,1813,1646,2075,2.3338E-08,1.58824E-06,5.67511E-10,652.7555556,92.0764044,149.3619252,206.9350335,58990.3347,0.53125,0.59375,0.894736842
3,-7.12661E-05,-0.880832744,1.174337388,1760,1745,1565,2076,1.69687E-07,1.38397E-06,5.1102E-08,790.9039548,75.99314069,261.240796,323.4192581,155227.1526,0.477272727,0.528409091,0.903225806
1,-2.80527E-05,-0.352172213,0.323565398,1607,1596,1391,2078,6.23332E-08,1.6315E-07,2.20243E-08,786.2711497,76.24894786,179.5110925,311.0607483,103872.273,0.47826087,0.541304348,0.883534137
0,-2.38468E-05,-0.342756406,0.307827059,1648,1586,1442,3167,2.43621E-08,9.15834E-08,7.97065E-09,737.2068966,81.48286372,203.6986057,343.104709,108849.1972,0.411538462,0.469230769,0.87704918
0,-8.36466E-05,-0.346879305,0.264465142,1593,1581,1398,1992,2.34767E-07,8.07976E-07,7.01458E-08,764.7,78.51304783,199.8396186,353.2589891,111244.4658,0.46031746,0.497354497,0.925531915
3,7.35113E-07,-0.331091973,0.302835663,1436,1427,1026,2987,7.71884E-11,9.51502E-08,9.43219E-12,756.5664336,79.36983485,262.1997866,389.2083998,143983.5432,0.459649123,0.505263158,0.909722222
1,-3.57731E-05,-0.34353219,0.291495064,1632,1615.5,1406,2227,1.04386E-07,4.29952E-07,3.59231E-08,799.3267108,75.0605527,163.5516515,277.6651543,94530.95065,0.475663717,0.528761062,0.89958159
2,1.06487E-05,-0.345344186,0.306564939,1531,1515,1283,1809,9.68115E-09,1.33589E-07,2.96658E-09,765.9711111,78.31039393,200.9284927,368.956033,96190.79105,0.485523385,0.516703786,0.939655172
2,5.22704E-05,-0.350205344,0.293148454,1569,1537,1338,4769,2.13466E-07,6.2742E-07,7.11358E-08,755.4581498,79.42996634,204.6925098,373.9953017,98900.78481,0.494481236,0.527593819,0.937238494
2,1.82862E-05,-0.331591044,0.258873899,1557,1555,1384,1723,1.72529E-08,8.64709E-08,5.35931E-09,740.4707792,81.00173013,209.1597657,370.4363574,112284.2619,0.442996743,0.508143322,0.871794872
0,4.67185E-05,-0.329034078,0.252851496,1476,1468.5,1313,1698,1.48823E-07,4.35444E-07,4.80965E-08,739.9800995,81.05553209,236.9385789,431.0650525,124371.6158,0.488778055,0.516209476,0.946859903
1,1.66142E-05,-0.336240206,0.273201154,1591,1566,1394,1935,1.91758E-08,1.151E-07,6.63123E-09,792.0579345,75.74652194,170.7511164,310.4953595,93168.79797,0.47979798,0.515151515,0.931372549
3,7.45429E-05,-0.322096645,0.256800948,1406,1395,1209,1687,1.77612E-07,3.8261E-07,5.55634E-08,760.3626943,79.03903741,247.2448453,371.5396504,121640.916,0.46875,0.526041667,0.891089109
3,6.4234E-05,-0.333779585,0.240192078,1452,1419,1295,4421,1.25095E-07,3.21762E-07,4.12871E-08,710.3604061,84.53169583,195.8022338,376.6335416,59473.58789,0.525510204,0.540816327,0.971698113
1,7.40653E-05,-0.397405812,0.348760992,1639,1584,1378,5316,4.47455E-07,1.47839E-06,1.53759E-07,794.5886214,75.58878381,250.0755976,492.5408963,61394.03971,0.5,0.5,1
0,-3.28961E-05,-0.408753344,0.330924948,13901,4554,1398,95905,5.91857E-08,5.83152E-07,1.53806E-08,810.6329114,74.0187846,256.3231829,483.2436069,103121.8012,0.487288136,0.508474576,0.958333333
0,-8.90872E-06,-0.396687028,0.315349182,7743,2341,1469,37179,4.30952E-09,1.70192E-07,8.21131E-10,804.4388889,74.40241705,258.124715,485.2561151,100463.1537,0.502793296,0.519553073,0.967741935
3,8.52897E-06,-0.388425051,0.370610339,1210,1156.5,1029,2981,6.44954E-09,2.09922E-07,1.21531E-09,669.7430341,89.6021829,172.3589536,187.3884919,61963.4224,0.344720497,0.444099379,0.776223776
1,8.95518E-05,-0.401235013,0.382873981,1741,1624,1442,7467,6.41408E-07,2.40173E-06,2.24868E-07,763.4345992,78.5325166,250.6510782,464.3803169,114355.419,0.509513742,0.522198732,0.975708502
2,-8.75349E-06,-0.440508876,0.346286071,1736,1712,1509,2160,9.69358E-09,3.30853E-07,2.05814E-09,683.2316832,87.86044196,205.4858232,331.9414003,132346.7537,0.396825397,0.503968254,0.787401575
2,-1.85537E-05,-0.428979644,0.351552482,1725,1646,1521,7230,2.8432E-08,1.98295E-07,8.98794E-09,748.6921397,80.12825176,241.6671788,428.6553219,121997.7,0.47702407,0.520787746,0.915966387
2,7.27992E-05,-0.431542878,0.347218127,1758,1743.5,1479,3722,2.87413E-07,1.62923E-06,8.51195E-08,666.3527697,90.17668339,195.4793936,305.7767863,134509.9828,0.400584795,0.540935673,0.740540541
0,2.5321E-05,-0.424501384,0.348430287,4378,1564,1406,39591,4.68729E-08,4.14724E-07,1.41771E-08,772.9506494,77.6363161,236.2465038,436.6320613,101588.8182,0.489583333,0.5078125,0.964102564
1,-8.67648E-05,-0.409180946,0.393321972,1836,1692,1432,5839,5.4063E-07,2.51442E-06,1.81154E-07,648.7298969,92.49449664,177.8707258,289.2332027,118682.9022,0.386363636,0.5,0.772727273
3,4.24782E-05,-0.390809921,0.297385856,4795,1577,1253,28997,6.20244E-08,2.43594E-07,1.80975E-08,783.3368984,76.5945311,229.9247468,441.8388666,95991.89799,0.494623656,0.494623656,1
3,8.09356E-05,-0.430398014,0.344277014,3374,1444,1372,15294,2.16357E-07,1.11262E-06,6.58755E-08,774.0994475,77.70085172,205.5033735,395.4952543,71863.57167,0.5,0.505555556,0.989010989
1,4.22635E-05,-0.326266689,0.373479679,1835,1834,1527,2101,1.40928E-07,5.31089E-07,4.99798E-08,877.5786925,68.32697925,217.0449719,288.8392613,182310.1994,0.339805825,0.427184466,0.795454545
0,0.000101419,-0.304472896,0.362678763,1748,1743,1612,1904,4.57837E-07,1.79548E-06,1.44401E-07,875.4840183,68.42072526,212.5291352,394.178392,85932.05397,0.486238532,0.490825688,0.990654206
0,0.00013522,-0.338144626,0.39964669,1769,1778,1523,1958,6.22365E-07,2.49664E-06,1.83419E-07,912.4654088,65.77009242,271.7038894,448.7361638,171875.5346,0.455696203,0.474683544,0.96
3,-8.78781E-05,-0.373233896,0.383336782,1882,1867.5,1669,2114,4.18793E-07,1.27501E-05,1.23648E-07,794.9705882,75.49813559,213.8032679,276.2272059,150204.7891,0.302583026,0.354243542,0.854166667
1,4.96445E-05,-0.358313782,0.403581712,1893,1897,1644,2194,1.93041E-07,7.26276E-07,6.90159E-08,804.5111111,74.56455786,207.711041,251.4874044,118688.0057,0.345211581,0.383073497,0.901162791
2,7.84924E-07,-0.340432775,0.387325675,1782,1778.5,1454,2176,2.39987E-10,9.36159E-08,1.8675E-11,904.4304462,66.32942457,251.4335351,442.6035858,148745.4474,0.468421053,0.471052632,0.994413408
2,2.35728E-05,-0.280695093,0.322895597,1757,1759.5,1550,1935,4.79473E-08,4.26556E-07,1.45501E-08,917.689008,65.28968662,273.1809637,475.4666053,209421.4713,0.470430108,0.470430108,1
2,-3.2106E-05,-0.329160978,0.400539499,1822,1817,1528,2268,6.11449E-08,9.73387E-07,1.66484E-08,934.2459016,64.22467276,269.4802621,466.4043771,196030.4016,0.465020576,0.477366255,0.974137931
0,4.44006E-05,-0.319835039,0.3779492,1856,1845,1659,2140,1.39879E-07,9.72252E-07,4.3524E-08,931.15625,64.56284318,239.5384376,403.5629337,170610.6563,0.407523511,0.460815047,0.884353741
1,-4.57145E-05,-0.339746932,0.382781235,1819,1825,1610,1987,1.50519E-07,9.38158E-07,5.03248E-08,915.0145349,65.65967354,228.1825624,391.8622283,167842.9586,0.413994169,0.451895044,0.916129032
3,0.000172118,-0.337363609,0.40892515,1893,1890,1723,2183,9.98476E-07,5.67348E-06,2.97239E-07,745.7244898,80.26129056,200.2047819,261.341686,107483.3982,0.323076923,0.338461538,0.954545455
3,8.7357E-06,-0.330530665,0.367956056,1830,1825,1666,1950,1.13034E-08,1.08092E-06,9.253E-10,861.3024691,69.58922434,185.081033,243.4311508,111313.8511,0.354037267,0.434782609,0.814285714
1,-8.4423E-06,-0.803056089,0.694251105,1532,1516.5,1318,4080,6.55385E-09,3.65344E-08,2.01121E-09,915.0656566,65.52128204,294.3474991,353.5223413,162990.6721,0.405063291,0.430379747,0.941176471
0,-0.00010614,-0.774489408,0.728040426,1516,1528,1272,1725,4.73502E-07,1.06813E-06,1.57727E-07,898.7336449,66.86570878,271.6739887,325.8824877,137383.0345,0.436619718,0.450704225,0.96875
0,-2.40109E-05,-0.756060621,0.651038568,1475,1480.5,1256,1714,1.85435E-08,4.81231E-08,5.76688E-09,976.8918919,61.24839857,318.4961737,330.7570575,156732.0636,0.37414966,0.421768707,0.887096774
3,1.48885E-05,-0.741109971,0.677364575,1550,1553,1372,1725,1.0494E-08,2.64473E-08,3.54411E-09,841.7773438,71.07333644,230.4495972,318.7260653,112134.6678,0.458823529,0.474509804,0.966942149
1,-2.60337E-05,-0.733503589,0.670961221,1483,1485.5,1219,1875,5.99984E-08,3.35316E-07,1.91158E-08,955.7150396,62.82601328,308.756042,315.6527555,143778.9747,0.367724868,0.417989418,0.879746835
2,1.61444E-05,-0.692534336,0.658345817,1557,1561,1378,1803,2.05724E-08,8.04174E-08,6.78989E-09,861.0875,69.62853207,240.6482492,325.8149258,126195.8479,0.45112782,0.461152882,0.97826087
2,1.49352E-05,-0.758616436,0.649264624,1484,1481,1316,1761,2.28738E-08,2.28315E-07,5.9019E-09,971.3626062,61.79825952,322.1569198,347.5985695,173259.3529,0.369318182,0.411931818,0.896551724
2,2.22441E-05,-0.674749892,0.624533118,1569,1577,1389,1743,2.64323E-08,1.12326E-07,7.94363E-09,868.6984733,68.94322015,246.9384073,354.8225197,147764.2658,0.455938697,0.459770115,0.991666667
0,4.64311E-05,-0.728938047,0.677073286,1521,1514,1343,1749,1.474E-07,4.63983E-07,4.75142E-08,938.8580442,63.95945212,305.3515872,345.880016,162846.4526,0.39556962,0.430379747,0.919117647
1,8.13502E-05,-0.759410437,0.701669022,1531,1534,1309,1841,4.4447E-07,9.35091E-07,1.58722E-07,928.0798817,64.51776618,290.2725655,324.3471073,141426.3573,0.40652819,0.427299703,0.951388889
3,-8.89391E-05,-0.686905657,0.626824677,1531,1538,1366,1715,2.63484E-07,8.69869E-07,7.92698E-08,860.852071,69.26101216,254.5910435,334.4681423,136414.6048,0.446428571,0.452380952,0.986842105
3,-0.000168923,-0.694827974,0.636206406,1517,1517.5,1379,1638,8.88373E-07,2.82254E-06,2.85958E-07,849.0787879,70.87000761,250.8100812,338.7276945,143193.4436,0.43902439,0.457317073,0.96
1,1.59843E-05,-0.546658984,0.428271352,1614,1604,1463,1977,2.11503E-08,6.7049E-08,7.16707E-09,715.3925049,83.84083445,217.6103356,382.6835499,107880.4362,0.444664032,0.446640316,0.995575221
0,-5.15408E-05,-0.520572583,0.423067166,1687,1684,1516,1848,1.17196E-07,4.4247E-07,3.72895E-08,651.1186441,92.0569758,180.4422894,285.4242867,116000.2614,0.363945578,0.428571429,0.849206349
0,7.60289E-05,-0.527365928,0.422216028,1683,1689,1563,1788,1.91282E-07,6.09344E-07,5.79081E-08,634.720524,94.54450785,171.2456561,264.8795868,111881.2409,0.372807018,0.394736842,0.944444444
3,1.84559E-05,-0.513199521,0.41920234,1558,1570.5,168,1866,1.68739E-08,4.9046E-08,5.45754E-09,722.3946488,82.96498417,208.7909889,376.8649819,92293.0372,0.453020134,0.466442953,0.971223022
1,2.6625E-05,-0.528215874,0.418614553,1632,1628,1376,1903,5.50611E-08,1.28205E-07,1.98439E-08,692.6137667,86.63376568,205.2004103,345.3432614,110795.3035,0.425287356,0.438697318,0.969432314
2,-3.06995E-05,-0.565843099,0.462721648,1589,1578,1390,1855,7.43379E-08,2.77954E-07,2.4552E-08,682.4871287,87.86044196,189.6754819,326.1923719,95742.25757,0.418650794,0.446428571,0.937777778
2,1.51197E-05,-0.547246333,0.439090079,1683,1690,1474,1843,1.82495E-08,4.31681E-07,5.95986E-09,670.9823875,89.38053355,185.7065992,282.4469684,108774.3331,0.394117647,0.447058824,0.881578947
2,-5.98105E-06,-0.516471508,0.410097583,1617,1626,1416,1785,2.40792E-09,5.59949E-08,5.81811E-10,699.6226994,85.72027752,209.7563924,356.4844374,110236.7291,0.427692308,0.44,0.972027972
0,2.43115E-05,-0.518059839,0.404851867,1651,1648.5,1428,1840,3.88323E-08,9.04113E-08,1.29998E-08,679.8835616,88.29622478,204.2913079,335.704502,118656.0979,0.411899314,0.42791762,0.962566845
1,1.55123E-05,-0.51808354,0.388746112,1595,1577.5,1445,3118,1.72034E-08,6.64106E-08,5.79101E-09,746.1662708,80.3141514,229.278142,428.2005051,88001.8966,0.471428571,0.480952381,0.98019802
3,4.60507E-05,-0.543555625,0.445412641,1642,1643,1272,2907,7.03483E-08,2.69629E-07,2.12473E-08,643.0789474,93.29865756,141.4265754,231.6779271,69578.04922,0.334801762,0.440528634,0.76
3,-8.50667E-06,-0.564314236,0.449127253,1640,1631,1404,1901,3.97993E-09,8.8435E-08,7.56037E-10,690.9851485,86.66633461,204.2034386,344.1644798,113081.7694,0.422885572,0.427860697,0.988372093
1,-3.9653E-05,-0.533668112,0.592190512,2157,2181,1588,2524,1.18579E-07,5.62642E-07,4.38965E-08,727.9859438,82.35546533,127.6680159,201.9642975,55900.87591,0.398390342,0.438631791,0.908256881
0,-1.6999E-05,-0.415072126,0.449518284,2211,2230,1692,2444,1.48196E-08,3.72975E-07,4.08882E-09,738.7076923,81.17186042,122.7680393,201.1440748,37043.15443,0.393822394,0.44015444,0.894736842
0,-7.50046E-05,-0.453403902,0.501193192,2132,2137,1754,2424,1.89837E-07,1.13853E-06,5.64108E-08,714.1428571,83.85686784,125.2720951,196.2573861,54313.32006,0.391089109,0.415841584,0.94047619
3,4.87507E-05,-0.501623338,0.540751669,1652,1636,718,2135,1.15025E-07,7.32336E-07,3.80819E-08,723.3946488,82.96498417,199.741986,346.7399898,132865.568,0.429530201,0.456375839,0.941176471
1,-4.62672E-05,-0.514476411,0.596667236,2236,2251,1717,2615,1.59614E-07,4.80581E-07,5.97976E-08,749.8571429,80.02050112,140.2749529,223.3162048,64889.90611,0.419087137,0.439834025,0.952830189
2,2.05906E-05,-0.513368566,0.516952809,1871,1905.5,1381,2246,3.12356E-08,2.23791E-07,1.10048E-08,680.5601578,88.20771644,139.5868722,233.2917876,76030.50747,0.359683794,0.395256917,0.91
2,1.06573E-05,-0.490749474,0.500792174,1934,1979,1425,2351,8.27073E-09,2.20661E-07,2.94599E-09,694.4878543,86.41282052,138.8360043,227.7746816,74444.20556,0.354969574,0.39148073,0.906735751
2,1.35158E-05,-0.477311181,0.519575129,2164,2194,1584,2499,1.07988E-08,9.10925E-07,2.94872E-09,734.4951768,81.7881547,136.9926388,218.0104453,53211.48985,0.409677419,0.448387097,0.913669065
0,-3.02751E-06,-0.430277226,0.467369729,2128,2168,1529,2455,8.43372E-10,2.33087E-07,2.04809E-10,724.7341463,82.66457491,136.6677476,217.7341021,62236.91511,0.393643032,0.413202934,0.952662722
1,2.35865E-05,-0.510999088,0.541724272,2241,2267.5,1668,2576,4.20616E-08,9.59307E-07,1.3428E-08,745.4146919,80.5044693,129.2932523,201.6401227,43040.38632,0.399049881,0.427553444,0.933333333
3,3.82763E-05,-0.496034498,0.566992224,2100,2127,1709,2350,4.69569E-08,3.39326E-07,1.46526E-08,704.5288462,85.15030319,107.1733819,171.7104386,35079.32899,0.342995169,0.367149758,0.934210526
3,8.69165E-05,-0.472597911,0.543690872,2139,2181,1637,2500,2.23762E-07,5.56663E-07,7.54882E-08,719.5670103,83.25091256,134.6105806,209.5893056,52170.67305,0.388601036,0.435233161,0.892857143
1,3.42129E-05,-0.52799359,0.595232684,1662,1644,1279,2231,9.83163E-08,3.94717E-07,3.28622E-08,913.0806045,65.68632305,240.2442996,341.9375443,133358.3159,0.436868687,0.457070707,0.955801105
0,5.72661E-05,-0.514851169,0.55862121,1687,1690,1383,1947,1.50706E-07,7.17616E-07,4.61398E-08,859.1071429,69.97574174,181.7240774,325.3760482,47707.69667,0.493273543,0.493273543,1
0,-1.2031E-05,-0.597678839,0.623365014,1650,1589,1166,3164,1.3968E-08,5.45532E-07,1.59431E-09,994.1164384,60.42627241,265.2563121,337.2717937,150989.6507,0.379310345,0.386206897,0.982142857
3,-4.8177E-05,-0.546860219,0.588771145,1790,1775.5,1558,2249,1.15739E-07,4.42867E-07,3.72081E-08,806.130597,74.3919358,225.0524518,334.3532095,109656.5731,0.471910112,0.516853933,0.913043478
1,-3.25572E-05,-0.543639587,0.589945461,1671,1669.5,1292,2214,8.67543E-08,6.93685E-07,2.9759E-08,861.1833333,69.60460945,190.3996104,320.6128501,81122.10856,0.465393795,0.479713604,0.970149254
2,4.98944E-06,-0.517423411,0.573264418,1727,1722,1419,2105,2.11963E-09,7.87833E-08,6.51171E-10,860.4339152,69.80216931,211.0747613,353.7545053,109237.6086,0.47,0.48,0.979166667
2,6.56406E-05,-0.568563683,0.587715904,1697,1691,1334,2862,3.43321E-07,1.55334E-06,1.12306E-07,882.1752577,67.90825693,273.2455189,376.1627447,154343.2675,0.447028424,0.485788114,0.920212766
2,0.000130511,-0.558769295,0.60740389,1779,1756,1434,3602,8.76656E-07,3.20832E-06,2.72921E-07,800.4105263,74.97247514,250.8032637,357.1717042,177346.3626,0.443661972,0.48943662,0.90647482
0,4.85904E-05,-0.510428793,0.577237823,1758,1755.5,1481,2122,1.67358E-07,8.74877E-07,5.21341E-08,879.5502959,68.18318953,204.3607557,345.1037968,89777.86558,0.465875371,0.483679525,0.963190184
1,1.12567E-05,-0.520338878,0.581097753,1694,1684,1393,2095,8.74142E-09,6.80018E-08,3.04391E-09,870.8060942,68.89507774,198.726391,322.2023556,82042.55994,0.477777778,0.488888889,0.977272727
3,-3.94309E-06,-0.551103255,0.609445202,1837,1818,1554,2333,8.79648E-10,1.92772E-07,1.58743E-10,746.4336735,80.26129056,224.9858515,308.2886233,115081.2696,0.497435897,0.538461538,0.923809524
3,3.106E-06,-0.540762576,0.582905539,1691,1695.5,1397,2043,2.36217E-10,4.46602E-08,9.52252E-11,910.6666667,65.74687453,235.4135841,323.3505713,101220.7926,0.460526316,0.473684211,0.972222222
1,-3.19557E-05,-0.760645352,0.818185787,1702,1710.5,1255,1966,8.54908E-08,3.78991E-07,2.86602E-08,725.792,82.68554736,220.8559909,336.1247567,150494.8459,0.458917836,0.517034068,0.887596899
0,-8.74149E-07,-0.733085007,0.774113372,1597,1579.5,1377,1982,1.78277E-09,1.10304E-07,3.9877E-11,796.9045643,75.26279779,153.4267069,257.7150873,108487.9947,0.479166667,0.483333333,0.99137931
0,0.00019291,-0.730887972,0.794546871,1598,1612,1274,1823,1.17495E-06,2.38621E-06,3.71876E-07,799.0879121,75.22454321,119.639123,207.969431,19539.29047,0.497237569,0.497237569,1
3,-7.33048E-05,-0.71993386,0.764957119,1525,1571.5,1164,1814,2.64993E-07,8.27046E-07,8.61028E-08,779.5270758,76.88088533,251.5273851,379.4989365,147496.903,0.40942029,0.423913043,0.965811966
1,-2.72068E-05,-0.708352933,0.758838417,1714,1740,1266,2016,5.99863E-08,2.52638E-07,2.07699E-08,714.6193294,83.98845985,218.4394695,323.2517473,136669.509,0.42687747,0.488142292,0.874493927
2,-1.26715E-05,-0.750056087,0.827820627,1586,1591,1261,1961,1.26005E-08,8.71547E-08,4.1817E-09,880.5459184,68.23943417,221.8354394,288.3222344,107089.438,0.450127877,0.460358056,0.977777778
2,-8.96912E-05,-0.691352505,0.748389288,1649,1657,1302,1897,6.32515E-07,1.98108E-06,2.09528E-07,817.5095238,73.49454028,179.1034881,284.9922532,88486.23594,0.448687351,0.45823389,0.979166667
2,-6.03207E-05,-0.74236139,0.764762431,1625,1634,1358,1837,1.89233E-07,6.99147E-07,5.83323E-08,824.299639,72.87534297,161.9956113,270.5618153,42982.14917,0.492753623,0.496376812,0.99270073
0,2.21141E-05,-0.710640424,0.730105019,1688,1690,1469,2000,3.34735E-08,1.27851E-07,1.07789E-08,842.6288952,71.20014481,157.7619714,278.9227414,127480.2145,0.454545455,0.463068182,0.981595092
1,9.2049E-05,-0.694962545,0.748916214,1718,1717,1315,2118,5.93913E-07,1.89984E-06,2.03691E-07,735.296729,81.64637666,232.2224467,356.6707574,153977.6241,0.466042155,0.508196721,0.917050691
3,9.63476E-05,-0.742313756,0.78066239,1507,1508.5,1332,1782,3.16979E-07,1.39556E-06,9.3149E-08,811.9777778,73.74260707,213.2538903,336.7207048,146519.1336,0.441340782,0.441340782,1
3,-0.000112463,-0.696621288,0.746381631,1644,1665.5,1334,1886,3.69696E-07,7.72894E-07,1.26294E-07,850.8963415,70.44307986,193.3676083,310.4901889,86286.24683,0.472392638,0.472392638,1
1,-0.000117062,-0.591704647,0.551845537,1622,1631,1378,1840,1.11295E-06,2.8905E-06,3.84003E-07,1040.186246,57.76435444,362.9094581,472.5513768,229809.804,0.416666667,0.448275862,0.929487179
0,5.97323E-05,-0.577083617,0.531008199,1622,1632.5,1439,1742,1.50151E-07,4.0723E-07,4.99585E-08,965.6834171,62.20065933,326.8023318,471.513557,207130.169,0.434343434,0.449494949,0.966292135
0,9.90283E-05,-0.620367861,0.551366391,1633,1642,1435,1772,3.35907E-07,1.48919E-06,9.84177E-08,985.9795918,60.83733549,343.9997918,478.0648439,221959.482,0.417808219,0.445205479,0.938461538
3,-6.53701E-05,-0.577276128,0.522119522,1478,1473,1297,1718,2.12913E-07,6.89499E-07,6.85057E-08,1170.210811,51.43829018,337.257707,386.6214701,219789.919,0.380434783,0.472826087,0.804597701
1,-6.10564E-05,-0.585257856,0.551753105,1647,1654,1343,1913,3.02135E-07,1.05637E-06,1.04603E-07,1040.37931,57.70073325,346.44563,449.0466531,209717.6796,0.42074928,0.46685879,0.901234568
2,1.69214E-06,-0.615561373,0.553177869,1629,1635,1409,1777,2.20512E-10,2.34366E-08,7.44539E-11,955.1555556,62.68304259,313.4543706,452.5928797,205364.8135,0.448467967,0.459610028,0.975757576
2,7.59688E-05,-0.59168033,0.556656596,1643,1655.5,1414,1797,4.48398E-07,1.28166E-06,1.50221E-07,929.1436314,64.5914012,294.1707438,451.429375,189067.7808,0.451086957,0.461956522,0.976470588
2,3.9317E-05,-0.581335774,0.536781685,1654,1661,1463,1788,8.44491E-08,4.28887E-07,2.48444E-08,933.9631148,64.22467276,296.1856603,452.8002888,191294.1148,0.46090535,0.465020576,0.991150442
0,-3.0523E-05,-0.627810506,0.565596308,1656,1659,1409,1851,6.43911E-08,2.61258E-07,2.05457E-08,1011.863946,59.33345401,334.3506579,446.0127402,202346.6086,0.440273038,0.467576792,0.941605839
1,0.000125683,-0.61161083,0.563055584,1626,1631,1434,1834,1.0861E-06,2.72485E-06,3.79341E-07,1038.10596,57.66632198,365.5471387,458.3824479,222540.9762,0.418604651,0.458471761,0.913043478
3,1.7747E-05,-0.559656837,0.518560926,1532,1528,1345,1754,1.29889E-08,1.93446E-07,3.19553E-09,1061.362319,56.63106288,344.1173532,423.7609652,193122.0523,0.430656934,0.459854015,0.936507937
3,5.93972E-05,-0.548457541,0.521050406,1576,1578.5,1319,1846,1.15591E-07,6.16756E-07,3.54536E-08,1026.882353,58.48910267,329.1539301,428.9879016,202571.908,0.437037037,0.466666667,0.936507937
1,-4.84675E-05,-0.547733967,0.697927422,1746,1758,1382,2098,2.02536E-07,1.0593E-06,6.60327E-08,694.9001919,86.15140863,222.0576727,355.2535063,154791.0032,0.45,0.501923077,0.896551724
0,-7.30679E-05,-0.47580229,0.632495676,1984,1972,1713,2257,2.27344E-07,6.00579E-07,7.48023E-08,665.0761246,90.19095602,165.0936855,274.2724031,106987.7197,0.440972222,0.513888889,0.858108108
0,1.37452E-06,-0.514981857,0.616847743,1891,1872,1631,2243,8.82943E-11,1.40463E-07,1.94504E-11,652.8063063,91.66706631,175.8214526,272.0273153,106771.0969,0.461538462,0.556561086,0.829268293
3,-4.45385E-05,-0.485230674,0.716108307,1741,1760,1386,2129,1.05164E-07,2.32963E-06,3.19194E-08,701.9090909,85.45393369,238.2723358,251.4371501,91337.51201,0.465798046,0.553745928,0.841176471
1,5.62915E-06,-0.486706847,0.645079224,1822,1842.5,1442,2226,3.74657E-09,1.97257E-07,9.1125E-10,650.9048474,92.25504055,177.6745757,285.1032684,122682.0572,0.467625899,0.559352518,0.836012862
2,-1.84918E-06,-0.510496432,0.672156048,1653,1645.5,1474,1841,4.67564E-10,1.75087E-07,9.36584E-11,829.7980769,72.40672786,204.6225009,332.3339451,88746.54903,0.477108434,0.496385542,0.961165049
2,-2.63834E-05,-0.528010961,0.667073492,1677,1686,1387,1932,5.71776E-08,3.99429E-07,1.81705E-08,738.1806452,81.35025124,263.3996303,349.9823953,154663.7441,0.4375,0.497844828,0.878787879
2,6.66546E-05,-0.511704807,0.668760006,1755,1760,1539,1982,2.36326E-07,1.13551E-06,7.13088E-08,704.3919753,85.19599448,212.0406525,301.6521124,129169.8886,0.470588235,0.535603715,0.878612717
0,1.77054E-05,-0.559258778,0.686682527,1897,1893.5,379,2441,2.07344E-08,5.71817E-07,6.89707E-09,671.9074492,89.30187655,175.8156176,285.7260883,118705.2838,0.454751131,0.50678733,0.897321429
1,-3.02187E-05,-0.506420933,0.665751364,1772,1785,1424,2163,6.60155E-08,3.18941E-07,2.19902E-08,697.2616408,86.02368823,224.6960456,331.2810861,130792.1121,0.444444444,0.497777778,0.892857143
3,-0.000134548,-0.485378501,0.61790929,1837,1852,1442,2060,5.77329E-07,1.44301E-06,1.80999E-07,637.2,94.113493,163.6948487,267.4547828,148476.8597,0.427947598,0.524017467,0.816666667
3,-0.000101694,-0.492388194,0.649567866,1811,1820,1562,2055,3.21091E-07,1.29383E-06,1.03611E-07,642.4082569,93.49717872,175.6675168,280.8994731,134618.0283,0.483870968,0.580645161,0.833333333
1,1.42573E-05,-0.389291719,0.4252031,1745,1741,1466,1994,1.3656E-08,1.08686E-07,5.64191E-09,875.8792271,68.49202027,66.53955203,92.69816274,21065.24465,0.237288136,0.399515738,0.593939394
0,1.2077E-05,-0.398565947,0.399751094,1813,1812.5,1651,2011,4.71713E-09,9.39369E-08,2.01269E-09,904.9292453,66.24370218,65.5047146,102.4438795,13560.23945,0.317535545,0.407582938,0.779069767
0,9.45614E-05,-0.387339675,0.403322948,1876,1882.5,1755,2009,3.00103E-07,1.12985E-06,8.96392E-08,938.1741935,64.12584011,75.07124774,138.4353608,14493.23432,0.435064935,0.487012987,0.893333333
3,5.77718E-05,-0.404798372,0.396546648,1466,1403,1246,1876,1.67516E-07,7.80386E-07,5.35335E-08,979.1809955,61.39408828,263.8200466,231.7861803,121219.1294,0.268181818,0.372727273,0.719512195
1,5.65613E-05,-0.403803945,0.44606482,1765,1761.5,1536,1961,2.60661E-07,1.01449E-06,8.97909E-08,884.9486553,67.78596169,73.08530571,101.9487125,31929.78718,0.264705882,0.397058824,0.666666667
2,8.77565E-06,-0.396824598,0.409066176,1751,1761,1525,1928,6.85858E-09,6.50064E-08,2.01888E-09,878.1122449,68.23943417,56.54434464,76.72331443,8595.641338,0.273657289,0.401534527,0.681528662
2,4.70621E-05,-0.388219747,0.393829018,1723,1734,1584,1873,1.7603E-07,6.08506E-07,5.7718E-08,861.836272,69.47939913,42.6315229,56.28447175,3719.958484,0.212121212,0.383838384,0.552631579
2,-5.34259E-05,-0.398950778,0.403227627,1730,1718.5,1535,1898,1.49411E-07,5.4737E-07,4.57735E-08,866.9467681,69.20536167,58.91629865,78.39746547,11775.70829,0.244274809,0.385496183,0.633663366
0,6.89439E-05,-0.409251633,0.467643582,1813,1815,1579,2015,3.2663E-07,1.17984E-06,1.04788E-07,902.6534954,66.37301635,163.1645681,244.5263756,104369.8874,0.402439024,0.463414634,0.868421053
1,2.23015E-05,-0.393123148,0.41047729,1786,1785,1566,1995,3.71917E-08,2.55166E-07,1.1995E-08,890.5524079,67.37253459,66.87545569,98.60628727,28017.96228,0.303977273,0.400568182,0.758865248
3,-1.51381E-05,-0.399645737,0.433811101,1693,1699,1455,1932,9.7502E-09,4.90282E-07,2.32697E-09,881.2891566,68.03875901,106.1158755,135.0444868,40023.59292,0.284848485,0.43030303,0.661971831
3,-6.06344E-05,-0.400291527,0.420529832,1785,1786,1624,1958,1.2191E-07,9.65211E-07,3.69698E-08,892.7435897,67.0276578,61.22393446,90.46763606,9969.631193,0.303225806,0.4,0.758064516
1,-1.65478E-05,-0.362559301,0.406828965,1552,1550,1345,1845,2.25936E-08,2.11681E-07,7.6722E-09,945.3958333,63.54078989,295.4731632,310.6715594,150275.3191,0.404699739,0.438642298,0.922619048
0,-8.43467E-06,-0.374021309,0.446171627,1548,1540.5,1307,1848,6.38916E-09,3.35394E-07,1.06107E-09,967.3165829,62.20065933,297.1290353,291.1398532,136923.1521,0.393939394,0.434343434,0.906976744
0,-4.8787E-05,-0.360302395,0.368692162,1585,1589,1368,1793,7.80663E-08,3.93564E-07,2.3856E-08,946.0909091,63.71477703,289.9632615,334.7605763,148030.7241,0.424836601,0.470588235,0.902777778
3,5.24444E-05,-0.387471243,0.405445122,1711,1704.5,1463,2060,1.34992E-07,5.16217E-07,4.40253E-08,868.8514056,69.13748681,197.1343038,361.3871507,92980.77373,0.487903226,0.491935484,0.991803279
1,-2.33399E-05,-0.375760051,0.442146619,1549,1540,1314,1817,4.4594E-08,2.48649E-07,1.52782E-08,933.2551546,64.3139978,286.4364854,318.9466276,155520.3553,0.413436693,0.449612403,0.91954023
2,4.18678E-05,-0.393806003,0.437163818,1588,1602,1324,1765,1.40871E-07,6.67769E-07,4.57129E-08,864.919598,69.2812576,221.8195169,321.5891493,134668.7799,0.460957179,0.473551637,0.973404255
2,4.85365E-05,-0.389322288,0.460879526,1531,1525,1272,1861,1.82547E-07,5.97966E-07,6.13E-08,898.7690289,66.68625745,266.976567,322.3622525,160496.9902,0.426315789,0.45,0.947368421
2,3.78505E-05,-0.36710878,0.416160004,1579,1561,1419,1970,7.65527E-08,5.03324E-07,2.29952E-08,812.7046263,73.92390905,162.932867,246.9019904,84315.84351,0.489285714,0.492857143,0.992753623
0,-1.5119E-06,-0.396325841,0.458139264,1538,1527,1334,1973,3.02923E-09,1.87526E-07,8.82535E-11,886.9432836,67.57979847,256.3155816,305.826874,144572.1183,0.425149701,0.45508982,0.934210526
1,6.65593E-06,-0.380747216,0.402568482,1593,1597,1359,1906,4.18793E-09,2.86523E-07,1.07369E-09,874.1666667,68.70475985,228.7966467,312.6686151,114271.98,0.462395543,0.473537604,0.976470588
3,4.3483E-06,-0.386030808,0.421806683,1583,1573,1352,1841,1.07858E-09,2.21464E-07,1.90652E-10,944.3741935,63.5571641,286.4110096,332.6783521,138874.3667,0.441558442,0.467532468,0.944444444
3,2.17503E-05,-0.398537211,0.4247615,1613,1624,1352,1920,1.48254E-08,1.25719E-07,4.74306E-09,875.05625,68.73536883,227.3180934,357.2057371,113354.9173,0.465408805,0.477987421,0.973684211
1,-4.07409E-05,-0.64699491,0.655185051,1867,1850.5,1562,2290,1.5165E-07,1.09931E-06,4.68116E-08,851.4964706,70.30747141,172.6552788,211.3483291,93662.92645,0.367924528,0.445754717,0.825396825
0,6.42809E-05,-0.629932166,0.643046765,1938,1947.5,1604,2306,1.96081E-07,1.60857E-06,5.82294E-08,790.1234568,75.88480438,174.5135779,223.0454239,78362.54594,0.425619835,0.495867769,0.858333333
0,9.43978E-05,-0.620572367,0.653219305,1906,1906.5,1720,2140,2.77686E-07,7.15535E-07,8.89851E-08,931.9807692,64.53690319,108.8010694,135.0457996,27658.61238,0.374193548,0.432258065,0.865671642
3,-0.000108587,-0.657196767,0.592023129,1480,1478.5,1229,1836,6.01472E-07,2.53669E-06,1.89283E-07,1095.22335,54.75688955,286.5059436,182.666922,56181.97563,0.336734694,0.418367347,0.804878049
1,8.33497E-06,-0.649003211,0.670284606,2033,2011,1574,2825,1.31888E-08,1.15207E-06,2.08813E-09,741.5,80.84715919,166.8260235,251.8162892,69020.00459,0.540041068,0.597535934,0.903780069
2,8.27266E-05,-0.619550282,0.661227015,1986,1984,1662,2546,5.34844E-07,2.18825E-06,1.78192E-07,767.0423163,78.13675669,166.0716578,239.7482636,70338.14575,0.513392857,0.551339286,0.931174089
2,1.67579E-05,-0.634273008,0.661890086,1926,1918,1639,2314,2.35753E-08,2.75467E-07,7.343E-09,799.567757,74.89111112,161.3714082,205.0812809,57011.01911,0.407494145,0.480093677,0.848780488
2,3.2036E-05,-0.625182287,0.6378257,2068,2042,1722,2846,5.02802E-08,1.60621E-06,1.64076E-08,772.0474576,77.59389035,175.4409972,258.602537,77230.93209,0.510204082,0.56122449,0.909090909
0,0.000108892,-0.756773732,0.619051602,1750,1762,1473,2010,8.1538E-07,2.8729E-06,2.61407E-07,885.2142857,67.78092882,92.17543721,121.9088553,29080.65984,0.349253731,0.429850746,0.8125
1,-0.000102494,-0.641865076,0.661679947,1978,1954,1603,2716,7.49859E-07,3.67607E-06,2.52784E-07,776.5950617,77.2690651,170.0129813,232.4569886,76676.99273,0.452970297,0.507425743,0.892682927
3,-0.000182208,-0.632225803,0.53434711,1367,1380,1165,1570,1.09949E-06,3.64849E-06,3.32609E-07,1272.408696,47.26045536,211.1803637,151.5947908,56489.78777,0.105263158,0.228070175,0.461538462
3,0.000167491,-0.635755386,0.597709081,1739,1729,1548,1981,8.97787E-07,4.24803E-06,2.81574E-07,868.4037267,69.16229659,79.26842352,116.6345185,33867.79732,0.3375,0.48125,0.701298701
1,8.16325E-05,-0.52437362,0.383176421,3483,1741,1440,26839,5.5531E-07,1.80913E-06,1.86995E-07,778.8433476,77.07415293,166.1422781,280.9626589,87629.80204,0.477419355,0.496774194,0.961038961
0,0.000104245,-0.478555272,0.331137567,5192,3675,1623,36684,4.73218E-07,1.50409E-06,1.52438E-07,787.7745902,76.19580768,176.8861888,308.4311743,103585.8055,0.452674897,0.489711934,0.924369748
0,9.50292E-05,-0.458601703,0.336302222,1148,1642,6,3223,3.056E-07,1.15769E-06,9.05722E-08,811.301676,73.99135397,208.8947198,372.4484227,108793.8167,0.47752809,0.494382022,0.965909091
3,0.000120642,-0.494655296,0.328106514,6639,3499,1643,16451,7.27465E-07,2.48482E-06,2.33372E-07,766.6085409,77.98708512,158.8612383,275.7249248,92457.3955,0.453571429,0.492857143,0.920289855
1,1.5148E-05,-0.585152371,0.393393245,8528,6377,1636,46756,2.09725E-08,1.59227E-07,6.48404E-09,768.8874735,78.03652175,143.3085178,246.0971737,74751.25893,0.480851064,0.506382979,0.949579832
2,-6.11447E-05,-0.495716096,0.347254189,1822,1662,1469,9040,2.95586E-07,9.20776E-07,9.74065E-08,808.0023474,74.14310023,174.7036726,320.0228524,95178.45497,0.489411765,0.512941176,0.95412844
2,5.67578E-05,-0.528492591,0.343379281,5240,1818,1586,49111,2.58936E-07,9.84541E-07,8.4003E-08,801.5023364,74.89111112,175.8976112,315.7684913,98500.5392,0.484777518,0.503512881,0.962790698
2,-4.54741E-05,-0.45311758,0.317440358,6886,5232.5,1662,17109,1.0494E-07,2.99023E-07,3.31118E-08,806.9081272,74.4481921,225.4365033,402.296229,114380.2136,0.460992908,0.485815603,0.948905109
0,-1.30304E-05,-0.529523791,0.337568088,10026,5048,1592,86453,1.47675E-08,2.13783E-07,3.79219E-09,797.3646113,75.22275187,180.434183,328.0277846,104999.7433,0.48655914,0.491935484,0.989071038
1,-2.17914E-05,-0.562494147,0.365524556,2573,1606,1408,29211,3.60233E-08,2.46757E-07,1.14669E-08,763.9124088,78.41097246,128.0437962,233.3002869,44255.18202,0.497560976,0.504878049,0.985507246
3,0.00013668,-0.4767811,0.346608122,1813,1705.5,1505,7633,6.09175E-07,1.62208E-06,1.87002E-07,786.1397849,76.18711338,203.6239202,353.1446305,104491.8175,0.459459459,0.481081081,0.95505618
3,0.000126955,-0.456955156,0.353322865,1350,1773,8,2122,5.14993E-07,2.13755E-06,1.61761E-07,731.7736842,81.54320153,200.3221257,311.0926396,111657.7803,0.380952381,0.44973545,0.847058824
1,-2.56641E-06,-0.722070241,0.990197745,2338,2408.5,1511,2680,6.02622E-09,9.01701E-06,2.70881E-10,731.9556452,82.02538331,185.3216745,278.4974664,105602.3954,0.480808081,0.511111111,0.940711462
0,0.000115325,-0.687335684,0.904682881,2435,2470.5,1654,2663,5.9844E-07,2.00958E-05,1.86855E-07,805.2563025,74.3297879,196.024773,325.7147151,111484.7362,0.607594937,0.616033755,0.98630137
0,5.02917E-05,-0.721426974,0.97851945,2417,2466.5,1760,2657,7.94652E-08,1.03633E-05,2.52473E-08,759.5497382,78.9241109,198.3849354,306.1676347,114234.8565,0.521052632,0.542105263,0.961165049
3,-0.000124916,-0.680754848,0.872238447,1552,1471,1220,2468,7.58374E-07,2.70845E-06,2.49957E-07,777.6007194,77.15743528,269.3499414,371.9107096,167337.792,0.451263538,0.490974729,0.919117647
1,0.000116928,-0.745706768,0.991936416,2414,2440,1735,2741,1.03717E-06,3.04079E-05,3.82236E-07,774.7002141,77.3751953,186.2580124,293.3847006,97165.00494,0.521459227,0.538626609,0.96812749
2,1.22891E-05,-0.743902083,0.935565481,2259,2345.5,1485,2652,1.35364E-08,3.97092E-06,3.94669E-09,713.7619048,84.04042275,206.9057337,324.7069197,165308.1469,0.417012448,0.443983402,0.939252336
2,-3.30513E-05,-0.734312353,0.900097365,2128,2151,1556,2674,9.12916E-08,3.85011E-06,2.85327E-08,705.5884774,85.01624968,232.193768,384.052151,191738.9186,0.35257732,0.389690722,0.904761905
2,4.65253E-05,-0.713726214,0.925501723,2265,2329.5,1691,2593,1.16781E-07,3.48274E-06,3.48084E-08,689.2719033,87.03098513,215.9093153,338.590022,203207.3713,0.372727273,0.4,0.931818182
0,-0.000123111,-0.724664727,0.935768602,2342,2399,1789,2649,9.84682E-07,1.43969E-05,3.33217E-07,743.16,80.65327139,204.7041265,325.006735,147993.6099,0.498746867,0.518796992,0.961352657
1,1.41674E-05,-0.736365948,0.97320269,2370,2416,1763,2623,1.41174E-08,1.1276E-05,4.83393E-09,743.6052009,80.69478719,189.9288225,293.4447167,116078.024,0.481042654,0.5,0.962085308
3,0.000203132,-0.71115745,0.941133764,1954,1943,1315,2449,1.37657E-06,8.26783E-06,4.13531E-07,688.8113208,86.77997406,185.2180568,305.9284313,129398.9597,0.383886256,0.431279621,0.89010989
3,3.40937E-05,-0.677313152,0.870741347,1964,1959,1437,2546,5.33617E-08,2.92427E-06,1.19211E-08,691.6435644,86.66633461,197.8120963,313.2154343,132480.3053,0.378109453,0.427860697,0.88372093
1,1.71984E-05,-0.445391909,0.268809836,17858,5395,1783,65889,2.56588E-08,1.52584E-07,8.31758E-09,792.2336245,75.75382483,159.4011994,227.8017477,63980.24743,0.396061269,0.472647702,0.837962963
0,-4.82767E-05,-0.416013248,0.258827145,17084,20266,1955,30233,9.98346E-08,3.11309E-07,3.26645E-08,790.7078189,75.88480438,189.5501091,279.4311353,70803.87164,0.512396694,0.520661157,0.984126984
0,3.81728E-05,-0.404592028,0.265263061,4317,4820,1814,5852,4.63908E-08,1.51957E-07,1.45672E-08,808.3555556,74.40241705,170.1095602,266.7028229,64054.71589,0.480446927,0.51396648,0.934782609
3,-4.05059E-05,-0.167636484,0.122560395,1697,1600,24,9664,8.00446E-08,2.47755E-07,2.62752E-08,756.1223776,79.36983485,174.1260567,284.3318421,68385.77706,0.515789474,0.529824561,0.973509934
1,-4.41565E-06,-0.423479976,0.268720701,9087,6435,1989,53057,3.20413E-09,8.62704E-08,5.78074E-10,721.6806387,82.99647017,155.3741534,230.3766146,54485.86813,0.462,0.514,0.898832685
2,3.50102E-06,-0.417471724,0.270828732,10534,6176.5,1914,40756,2.27917E-09,1.14642E-07,3.41283E-10,759.9251101,79.00494287,153.7115659,187.3263052,41174.12039,0.428256071,0.507726269,0.843478261
2,-3.4554E-06,-0.40679611,0.281591691,9846,7941,1709,38580,1.90916E-09,1.02763E-07,3.26712E-10,756.9072848,79.25539498,162.6835666,209.7969315,49590.56532,0.466814159,0.519911504,0.89787234
2,-6.88052E-05,-0.393214278,0.254908215,10566,5930,2046,76488,2.42468E-07,7.76494E-07,7.58364E-08,731.8397436,82.05029622,165.9924889,230.7766897,50015.58228,0.575562701,0.591639871,0.972826087
0,7.33429E-08,-0.40204046,0.280313457,8359,3942,1925,54768,2.28312E-10,4.52303E-08,3.89144E-12,774.9583333,77.43518574,167.1680116,245.0666909,57650.46222,0.451697128,0.493472585,0.915343915
1,-2.71954E-06,-0.419044221,0.261998959,12831,5865,1820,58740,5.35071E-10,3.65447E-08,1.77938E-10,737.528169,81.26574088,164.7400724,228.4771412,55131.64704,0.477647059,0.52,0.918552036
3,-9.32749E-05,-0.406839201,0.236486464,1924,1924,1924,1924,2.77293E-07,6.77791E-07,8.69842E-08,787.4892473,76.18711338,183.6208471,321.9115979,65321.6217,0.486486486,0.486486486,1
3,-4.59674E-05,-0.417227151,0.257968086,16055,5588,1969,62036,6.53984E-08,2.34218E-07,2.11661E-08,790.3863636,75.56621294,180.1677837,287.0963894,79462.91337,0.457142857,0.497142857,0.91954023
1,2.05573E-06,-0.72572936,0.811058814,1630,1644,1333,1897,4.02723E-10,8.80967E-08,1.19494E-10,810.4754464,74.1034147,155.623657,285.3071999,37808.05577,0.494407159,0.494407159,1
0,-5.25203E-05,-0.674517388,0.722319743,1670,1676,1372,1841,1.26286E-07,5.55343E-07,3.87997E-08,836.6869565,71.84176152,162.6084583,310.2312053,44735.23575,0.493449782,0.497816594,0.99122807
0,5.26058E-06,-0.698390557,0.74792946,1655,1661,1526,1776,5.58124E-09,2.58552E-07,3.50682E-10,825.0511364,72.75816474,164.160996,320.4740214,31723.99712,0.502857143,0.502857143,1
3,4.24249E-05,-0.691711997,0.703446911,1206,1189.5,949,1593,9.50754E-08,8.81221E-07,2.89344E-08,769.3950178,77.98708512,215.0645616,225.2629573,87384.64207,0.310714286,0.375,0.828571429
1,-2.36305E-05,-0.748688061,0.84107325,1693,1706,1373,1892,4.72138E-08,3.25085E-07,1.57043E-08,779.2494624,77.04453207,196.0863704,300.3346847,74100.72645,0.454741379,0.49137931,0.925438596
2,1.95243E-05,-0.708007403,0.764235064,1603,1604.5,1333,1796,3.44857E-08,2.73359E-07,1.00067E-08,797.4652778,75.18492366,152.9029397,289.8739024,34240.8063,0.498839907,0.501160093,0.99537037
2,9.95674E-06,-0.714244132,0.755968779,1647,1651,1471,1877,1.09096E-08,1.84326E-07,2.63521E-09,808.0801887,74.1928257,169.4894614,308.0806871,43181.09982,0.491725768,0.501182033,0.981132075
2,-9.53105E-05,-0.726017511,0.762071172,1683,1677,1518,1893,4.62922E-07,1.25764E-06,1.45486E-07,838.8786765,71.56463536,179.4711286,340.2569324,52461.98222,0.501845018,0.505535055,0.99270073
0,3.66895E-05,-0.738555666,0.852580317,1623,1641,1297,1852,9.40488E-08,4.01011E-07,2.96999E-08,802.7702703,74.61936081,156.5451793,275.2337968,46163.25591,0.47696477,0.487804878,0.977777778
1,-4.96302E-05,-0.733350051,0.73604533,1835,1863,1396,2019,1.70312E-07,6.91121E-07,5.91696E-08,889.5508475,67.56285248,204.7628474,335.4544887,116590.4629,0.441926346,0.498583569,0.886363636
3,3.07991E-05,-0.693398619,0.720066116,1431,1429.5,1057,1776,4.01115E-08,4.81939E-07,9.63975E-09,788.7688172,76.18711338,209.5139416,309.9604596,92957.94939,0.454054054,0.464864865,0.976744186
3,6.91983E-05,-0.679949717,0.737778475,1473,1460,1270,1780,1.30209E-07,3.69573E-07,4.7628E-08,773.3370166,77.70085172,196.7381585,309.5466959,105107.667,0.477777778,0.477777778,1
1,-2.50666E-05,-0.518791978,0.659384363,1141,1135,1018,1384,5.18849E-08,1.81399E-07,1.76231E-08,1004.65374,59.74484659,191.7087018,263.3547164,87470.16672,0.263888889,0.308333333,0.855855856
0,-4.12927E-05,-0.502490227,0.600192125,1240,1244,1094,1405,8.47009E-08,4.69546E-07,2.4101E-08,1044.63587,57.53560988,260.994384,261.8622923,93425.08477,0.31147541,0.355191257,0.876923077
0,-0.000109731,-0.500571307,0.58190556,1276,1279,1099,1533,3.95717E-07,1.14825E-06,1.20585E-07,1084.343284,55.49351548,260.3835032,277.1127581,121550.3874,0.278195489,0.360902256,0.770833333
3,-8.94645E-05,-0.4736528,0.605478253,1207,1201,1064,1413,3.99582E-07,1.2464E-06,1.28332E-07,1019.839623,58.90513876,231.4935362,290.8723988,100070.6835,0.289099526,0.36492891,0.792207792
1,-0.000123533,-0.517633553,0.597878468,1220,1209,1050,1443,1.20668E-06,3.20814E-06,4.27617E-07,1038.277937,57.86606486,229.2765253,292.2137351,100605.2095,0.298850575,0.341954023,0.87394958
2,3.24627E-06,-0.510340101,0.611751212,1200,1196,1056,1376,1.11241E-09,4.08119E-08,2.78835E-10,1018.011799,59.03666061,224.1431535,279.058133,84239.22398,0.295857988,0.331360947,0.892857143
2,-8.96193E-06,-0.501170864,0.650880555,1123,1149,18,1415,5.45185E-09,5.1797E-08,2.07623E-09,1015.606509,59.1796892,187.2664357,235.3469852,85432.44841,0.222551929,0.270029674,0.824175824
2,-5.82459E-05,-0.489824876,0.599494823,1210,1207,1049,1430,1.70712E-07,4.74372E-07,5.42981E-08,983.7974138,61.0789745,242.6786001,264.0019727,78759.41962,0.337662338,0.402597403,0.838709677
0,2.24199E-05,-0.49799188,0.613505936,1268,1265,1099,1460,3.39735E-08,1.25533E-07,1.10709E-08,1156.575875,51.89163097,226.6964302,202.7386415,69598.34705,0.19140625,0.26171875,0.731343284
1,4.43569E-05,-0.521927708,0.627853471,1149,1143,1018,1354,1.36271E-07,4.20985E-07,4.72695E-08,1015.087097,59.18886513,195.4034259,240.2577934,86358.90532,0.233009709,0.294498382,0.791208791
3,-5.93362E-05,-0.496745475,0.589337871,1232,1216,1126,1431,1.21726E-07,5.33467E-07,3.53557E-08,1033.464789,58.26073376,250.3961836,273.8266673,99697.06121,0.276595745,0.361702128,0.764705882
3,-0.00010885,-0.481653705,0.580867779,1208,1196,1103,1490,3.6046E-07,1.00406E-06,1.18581E-07,998.8357143,60.1968137,239.0897802,295.1169339,117419.7896,0.316546763,0.381294964,0.830188679
1,-3.65409E-06,-0.324993183,0.399368805,1483,1472,1228,1756,1.1823E-09,2.89972E-07,3.73911E-10,744.5462012,80.54001419,117.1859884,206.1488967,51959.38042,0.481481481,0.483539095,0.995744681
0,-4.5973E-05,-0.292694904,0.343053139,1724,1721,1567,1875,8.7829E-08,2.49949E-07,2.95857E-08,700.5729927,85.52590657,241.1377006,409.7097312,182357.079,0.435897436,0.47985348,0.908396947
0,2.94949E-05,-0.262367454,0.351595955,1716,1710.5,1462,1895,2.94328E-08,1.92415E-07,8.72746E-09,726.31,82.6236786,256.1996758,449.7211039,178605.2114,0.462311558,0.512562814,0.901960784
3,3.7095E-05,-0.270135921,0.364099183,1671,1666,1466,1975,6.75656E-08,4.06766E-07,2.20625E-08,725.986532,82.41188427,256.7123005,463.8570294,167792.8843,0.462837838,0.489864865,0.944827586
1,-2.19467E-05,-0.276850804,0.370333572,1537,1539,1231,1862,3.69547E-08,3.96609E-07,1.34906E-08,764.649789,78.5325166,173.6434818,287.7869426,117512.7276,0.4397463,0.44820296,0.981132075
2,-1.94384E-06,-0.289049635,0.375821277,1593,1584.5,1440,1804,5.74605E-10,1.48084E-07,9.94229E-11,767.9153675,78.13675669,263.907703,497.7473373,147047.0265,0.444196429,0.457589286,0.970731707
2,-2.75906E-05,-0.265355466,0.353092164,1615,1614.5,1418,1807,6.09289E-08,3.52973E-07,1.98324E-08,759.4557522,79.08082363,272.8318963,504.2932153,153937.502,0.461197339,0.481152993,0.958525346
2,-4.49292E-05,-0.266824828,0.355597134,1620,1613,1493,1762,1.05319E-07,5.82422E-07,3.23461E-08,762.8361204,78.64245644,255.4685705,460.407018,165620.2573,0.419463087,0.453020134,0.925925926
0,1.21212E-06,-0.282754559,0.376481448,1704,1699,1455,2056,2.15063E-10,5.97935E-08,3.28729E-11,726.3878049,82.66457491,252.3309545,450.5818756,173077.7817,0.447432763,0.498777506,0.897058824
1,4.57024E-06,-0.302495361,0.397569674,1540,1530,1333,1764,2.43801E-09,2.50041E-07,5.1643E-10,778.9131514,76.88842931,165.1451573,269.2477769,93362.28178,0.457711443,0.465174129,0.983957219
3,-5.17223E-05,-0.272940675,0.352926993,1623,1624,1452,1784,8.84458E-08,3.3812E-07,2.67763E-08,760.4196891,79.03903741,272.6551752,509.3018233,151812.6945,0.447916667,0.473958333,0.945054945
3,-9.34094E-05,-0.254611707,0.337101619,1657,1657,1538,1786,2.65424E-07,7.43836E-07,8.72854E-08,735.9789474,81.54320153,266.3467656,473.7565953,173249.4539,0.423280423,0.444444444,0.952380952
1,-0.000329256,-0.441570909,0.336328807,1554,1517,897,6117,2.79242E-06,3.8625E-06,2.57792E-06,781.9849138,76.7440709,182.8046754,324.1976108,76024.44781,0.494600432,0.494600432,1
0,3.30843E-06,-0.265595355,0.262355778,1568,1558.5,1372,1774,5.71764E-10,5.13273E-09,1.55193E-10,789.7242798,75.88480438,183.2602832,346.8309513,65116.81617,0.491735537,0.491735537,1
0,-4.9253E-05,-0.31499143,0.283754401,1576,1576,1232,3233,8.07471E-08,2.58316E-07,2.43088E-08,813.8826816,73.99135397,208.8829901,341.5995854,74125.10333,0.47752809,0.483146067,0.988372093
3,8.27463E-06,-0.286196351,0.267816285,1562,1555,1290,2057,3.60331E-09,1.83306E-08,1.10086E-09,813.1879699,73.83883591,226.4704715,401.0728488,122482.7184,0.479245283,0.479245283,1
1,-2.12236E-05,-0.300487224,0.287405308,1573,1564.5,1277,1933,3.66779E-08,1.2632E-07,1.26424E-08,797.6740088,75.22588432,188.4159785,343.5963281,79859.03415,0.494481236,0.494481236,1
2,-1.70384E-06,-0.289750121,0.272381219,1542,1541,1330,1772,2.0022E-10,4.67022E-10,7.51056E-11,773.6457399,77.61584498,168.0176028,323.5941614,40512.6499,0.496629213,0.496629213,1
2,-2.22504E-05,-0.288740466,0.27626666,1508,1504,1311,1850,3.869E-08,1.11039E-07,1.28908E-08,758.8561947,79.08082363,170.9713896,321.9961753,55783.45165,0.496674058,0.496674058,1
2,4.95166E-05,-0.274398222,0.261202291,1582,1580.5,1368,1818,1.22068E-07,2.83065E-07,3.92213E-08,790.6574394,76.02104123,176.2615339,337.2897384,41337.24382,0.5,0.503472222,0.993103448
0,3.78013E-06,-0.285880722,0.260628947,1592,1611.5,1259,2073,2.70746E-09,4.85483E-08,3.43922E-10,852.9570201,70.3956234,245.8977608,392.7544947,126197.5834,0.456896552,0.462643678,0.98757764
1,7.0816E-06,-0.300722034,0.311710891,1517,1505,1255,1894,4.4961E-09,4.70302E-08,1.22369E-09,762.4043584,78.79160825,159.0993832,290.7140025,54956.19427,0.495145631,0.497572816,0.995121951
3,-6.57543E-05,-0.279351228,0.255685579,1534,1538,1275,1891,1.39905E-07,3.61566E-07,4.32615E-08,801.7322404,74.96486022,220.1675204,382.4699213,115050.8368,0.478021978,0.478021978,1
3,-3.35439E-05,-0.291037007,0.26999297,1539,1517,1260,2043,3.58224E-08,1.49456E-07,1.12902E-08,820.2865497,73.43157415,211.3881018,327.8475308,89073.79006,0.470588235,0.494117647,0.952380952
1,1.76155E-05,-0.323536197,0.254307143,1806,1994,823,4466,2.66299E-08,1.06025E-07,8.72153E-09,736.4178499,81.53026027,195.8408507,324.0664107,106825.5805,0.569105691,0.573170732,0.992907801
0,3.03805E-05,-0.337629178,0.270504068,2690,2310,844,7772,4.08618E-08,1.49563E-07,1.29586E-08,737.2769231,81.17186042,221.9650706,364.3143835,147419.24,0.583011583,0.606177606,0.961783439
0,-3.69426E-05,-0.322091807,0.25553162,1695,1804,828,3024,4.71091E-08,1.82278E-07,1.37038E-08,748.6701031,80.15730014,225.7146827,358.0096207,150565.3381,0.528497409,0.554404145,0.953271028
3,9.71796E-05,-0.311156557,0.236605218,1661,1756,835,3770,4.61369E-07,1.19599E-06,1.51245E-07,736.2959184,81.58223443,208.7332319,339.3008528,142223.116,0.549488055,0.559726962,0.981707317
1,2.11798E-05,-0.33106617,0.304092544,1919,1997,35,4621,3.69239E-08,1.4286E-07,1.25976E-08,732.1515152,82.00448049,185.6363429,298.6803845,106839.567,0.518218623,0.532388664,0.97338403
2,2.49211E-05,-0.342635115,0.258809145,3294,2522,865,12350,4.77449E-08,1.1487E-07,1.61575E-08,737.3397436,81.43586419,219.9349116,353.1533446,153558.4105,0.554603854,0.584582441,0.948717949
2,-3.82394E-05,-0.37515791,0.224888149,14242,9569,2174,93753,1.13694E-07,3.17706E-07,3.80639E-08,725.6490486,82.74682207,211.996628,334.0245252,160306.2206,0.451271186,0.552966102,0.816091954
2,5.23302E-06,-0.326833981,0.2268899,8871,2517,1641,61273,2.86918E-09,4.45246E-08,4.62072E-10,729.1597444,82.31243774,206.1057765,313.4287445,150982.0997,0.445512821,0.509615385,0.874213836
0,3.88517E-05,-0.337466851,0.267605793,1942,2069,78,5059,1.02035E-07,2.89245E-07,3.32485E-08,746.7067669,80.45214103,217.4968711,368.4066566,129086.9816,0.615577889,0.623115578,0.987903226
1,2.66602E-05,-0.327919147,0.268247254,1476,1342.5,57,3401,5.00792E-08,1.54803E-07,1.70919E-08,735.1775701,81.64637666,193.4950584,311.4197391,114921.785,0.531615925,0.56206089,0.945833333
3,0.000103112,-0.318626966,0.254868463,1758,1958,841,3610,3.4912E-07,1.01191E-06,1.06467E-07,730.3681592,82.29837916,188.0809971,310.8201255,100618.0409,0.58,0.585,0.991452991
3,-9.75903E-05,-0.312998976,0.224749214,1711,1397,826,6894,2.89878E-07,7.57628E-07,9.53187E-08,752.6935484,79.8354905,210.4047754,356.1615175,108629.2813,0.648648649,0.648648649,1
