Quad_Cat,Mean,SD,Variance,Minimum,Maximum,Number of Peaks,Number of Valleys,Ratio
1,3.560146243,0.139966108,0.019590511,3.317402789,3.982483904,1.93E-05,1.93E-05,5.30E-11
0,5.567496013,0.659287207,0.434659622,4.043869449,7.146960287,3.63E-05,3.63E-05,1.88E-10
0,4.072887837,0.530539192,0.281471834,2.393336905,4.711197092,4.11E-05,4.11E-05,2.82E-10
3,5.407625223,0.891520642,0.794809054,3.213555823,7.700064494,4.15E-05,4.15E-05,1.91E-10
1,3.232516924,0.159728335,0.025513141,2.973925921,3.608285413,3.03E-05,3.03E-05,8.35E-11
2,3.751488823,0.202707736,0.041090426,3.425198682,4.308028655,3.18E-05,3.18E-05,9.21E-11
2,4.980060179,0.517574532,0.267883396,3.320883076,6.261925553,2.91E-05,2.91E-05,8.47E-11
2,4.01725371,0.333621493,0.111303301,3.305709828,4.656700479,5.68E-05,6.12E-05,2.48E-10
0,4.736634643,1.16325397,1.353159799,1.859818992,6.673863391,4.69E-05,4.36E-05,1.57E-10
1,3.079465482,0.112009026,0.012546022,2.905534775,3.288227828,6.34E-06,9.52E-06,2.01E-11
3,4.28802354,1.029059277,1.058962995,2.955364171,6.500643517,3.40E-05,4.07E-05,2.31E-10
3,4.198029792,0.470800208,0.221652836,3.13648455,5.366421539,2.85E-05,2.85E-05,2.03E-10
1,9.118960539,0.733035405,0.537340905,8.370944838,12.01120764,2.20E-05,1.93E-05,6.05E-11
0,7.602410703,0.931679851,0.868027345,6.552884505,10.61675776,3.11E-05,3.11E-05,1.61E-10
0,8.898573821,0.802814534,0.644511176,8.062103703,11.73710523,2.74E-05,3.43E-05,1.88E-10
3,12.67025859,1.048078758,1.098469083,8.88633577,14.64693224,4.61E-05,4.61E-05,2.12E-10
1,9.473160296,2.529200814,6.396856759,6.842081451,14.99455639,3.31E-05,3.31E-05,9.11E-11
2,10.08543413,0.854045329,0.729393424,8.4815053,13.19726918,3.47E-05,3.47E-05,1.00E-10
2,9.307058101,0.2643272,0.069868869,8.879638518,10.40409969,3.20E-05,3.49E-05,9.31E-11
2,10.29186434,0.403977203,0.163197581,9.564769993,11.08566467,4.81E-05,4.81E-05,2.10E-10
0,10.50323204,1.112679713,1.238056145,8.760074798,13.22987743,5.70E-05,5.70E-05,1.91E-10
1,9.480927407,0.719741861,0.518028347,8.743960201,12.81692042,1.59E-05,1.27E-05,5.03E-11
3,10.21584587,1.955147821,3.822603001,7.654496571,13.47828493,4.07E-05,4.75E-05,2.77E-10
3,9.115193009,0.799964801,0.639943683,8.370212597,11.25931856,2.85E-05,3.56E-05,2.03E-10
1,2.400253074,0.047688168,0.002274161,2.29196034,2.509719139,3.30E-05,3.58E-05,9.08E-11
0,5.20994675,0.35893247,0.128832518,4.350224414,5.976737559,5.70E-05,5.70E-05,2.96E-10
0,6.820880318,0.779170805,0.607107143,5.302214779,8.734989899,5.48E-05,5.48E-05,3.75E-10
3,2.4079233,0.290573821,0.084433145,2.081209196,2.948495997,3.69E-05,3.69E-05,1.70E-10
1,2.18389666,0.189965262,0.036086801,1.8725291,2.627039818,3.31E-05,3.31E-05,9.11E-11
2,2.355090466,0.047768389,0.002281819,2.270043404,2.455114553,2.89E-05,2.89E-05,8.37E-11
2,3.318722894,0.168687805,0.028455576,3.090881636,3.955587873,3.78E-05,3.78E-05,1.10E-10
2,2.726846389,0.127072276,0.016147363,2.525856468,3.096130654,2.62E-05,2.62E-05,1.15E-10
0,7.548751533,1.330617563,1.770543099,4.280052258,10.88421537,6.37E-05,6.70E-05,2.14E-10
1,1.88538928,0.014862743,0.000220901,1.861178696,1.929837797,2.85E-05,3.17E-05,9.06E-11
3,2.285731323,0.106398976,0.011320742,2.153538531,2.51295108,4.07E-05,4.07E-05,2.77E-10
3,2.142145901,0.027386012,0.000749994,2.081282416,2.198465628,2.85E-05,2.85E-05,2.03E-10
1,7.769102712,0.360799376,0.130176189,6.976835063,8.783985232,3.03E-05,3.03E-05,8.32E-11
0,6.178072304,0.125464518,0.015741345,5.97805542,6.380413765,5.18E-06,5.18E-06,2.69E-11
0,6.596207527,0.325483686,0.10593963,6.219347528,7.42329411,1.37E-05,6.85E-06,9.39E-11
3,10.08158571,1.128061344,1.272522396,6.310845744,12.14278252,3.69E-05,3.69E-05,1.70E-10
1,6.837263047,0.196019929,0.038423812,6.516076586,7.235249936,1.10E-05,1.10E-05,3.04E-11
2,7.667667305,0.14707053,0.021629741,7.436265874,8.039645494,2.32E-05,2.32E-05,6.70E-11
2,8.740084992,0.616866473,0.380524246,7.880493067,10.9376391,4.07E-05,3.78E-05,1.19E-10
2,7.874267949,0.530419064,0.281344383,7.239407027,9.546814847,3.93E-05,3.50E-05,1.72E-10
0,8.096884518,1.11995676,1.254303145,6.668558144,10.68793819,3.35E-05,3.35E-05,1.12E-10
1,6.554662631,0.292920666,0.085802517,6.192187272,7.425374255,6.34E-06,3.17E-06,2.01E-11
3,8.458958027,0.539305693,0.29085063,7.347957402,9.562047314,3.40E-05,4.07E-05,2.31E-10
3,6.321233281,0.327262284,0.107100603,5.938823718,7.14241871,2.13E-05,2.13E-05,1.52E-10
1,6.89773134,0.652281893,0.425471668,6.050964139,8.315205597,2.75E-06,2.75E-06,7.57E-12
0,8.030846587,0.601137885,0.361366757,7.084552984,9.634377285,2.07E-05,2.07E-05,1.07E-10
0,7.740370543,0.251584168,0.063294594,7.265675754,8.204040983,2.06E-05,2.06E-05,1.41E-10
3,7.337357583,0.804224372,0.64677684,6.260671749,9.087810986,3.69E-05,3.69E-05,1.70E-10
1,6.336071576,0.648648201,0.420744488,5.531713879,7.759171277,8.27E-06,8.27E-06,2.28E-11
2,6.945498813,1.477989823,2.184453916,5.586597164,10.42301757,3.76E-05,3.76E-05,1.09E-10
2,6.74019407,0.597937905,0.357529738,5.969472144,8.464736181,1.45E-05,1.75E-05,4.23E-11
2,7.290371073,0.75069782,0.563547218,6.39351067,9.613882781,1.31E-05,1.31E-05,5.73E-11
0,8.605299251,0.702628059,0.493686189,7.503763636,10.59764701,2.35E-05,2.35E-05,7.87E-11
1,8.200142134,0.935040813,0.874301322,7.025535604,11.33490112,2.54E-05,2.54E-05,8.05E-11
3,6.959217353,0.134583486,0.018112715,6.739013321,7.272172359,2.04E-05,2.72E-05,1.38E-10
3,7.921208623,0.351940011,0.123861771,7.44596294,8.901456587,6.40E-05,5.69E-05,4.56E-10
1,18.86851986,0.72134589,0.520339893,17.94614529,21.09636567,3.30E-05,3.03E-05,9.08E-11
0,22.95072685,1.217748584,1.482911614,21.47011258,25.7642176,3.63E-05,3.63E-05,1.88E-10
0,21.96973134,0.96804342,0.937108062,20.7667131,25.31235246,3.43E-05,3.43E-05,2.35E-10
3,27.52765813,1.568978693,2.461694139,25.54833136,32.22680522,7.37E-05,6.91E-05,3.40E-10
1,18.27244152,0.725925548,0.526967902,17.35929928,20.0144298,1.38E-05,1.38E-05,3.80E-11
2,19.46026604,0.661722596,0.437876794,18.53777058,21.97284012,2.32E-05,2.32E-05,6.70E-11
2,20.68155732,0.990110777,0.98031935,19.42544456,24.65577543,2.33E-05,2.33E-05,6.77E-11
2,20.60678879,0.687460956,0.472602566,19.72583284,22.47247877,2.62E-05,2.18E-05,1.15E-10
0,24.78400811,0.984011391,0.968278417,23.37270917,27.36848631,6.03E-05,5.70E-05,2.02E-10
1,17.59517464,0.4580042,0.209767847,16.99498966,18.68455801,2.85E-05,2.85E-05,9.06E-11
3,27.90946281,1.017606151,1.035522278,26.39494424,30.39878112,8.15E-05,7.47E-05,5.53E-10
3,25.80883604,1.049615467,1.101692629,24.5063068,29.43246956,4.98E-05,4.98E-05,3.54E-10
1,8.988783086,0.818031402,0.669175374,8.079311134,11.89638039,2.20E-05,2.20E-05,6.05E-11
0,7.807711892,1.05005351,1.102612373,6.694656318,10.74156067,2.07E-05,1.56E-05,1.07E-10
0,7.577881065,0.786389999,0.618409231,6.764617331,9.968461885,1.37E-05,1.37E-05,9.39E-11
3,10.6517126,0.644118709,0.414888911,9.387875829,12.99632434,5.53E-05,5.53E-05,2.55E-10
1,9.715196099,1.214627405,1.475319733,8.518105534,14.18919092,1.93E-05,2.20E-05,5.32E-11
2,6.503600787,0.635299811,0.40360585,5.881868538,9.220855983,5.79E-06,2.89E-06,1.67E-11
2,6.73953765,0.782210692,0.611853566,5.92446378,9.682769532,8.73E-06,5.82E-06,2.54E-11
2,6.768558294,0.413179049,0.170716927,6.288421181,8.086682665,1.31E-05,8.74E-06,5.73E-11
0,7.875355077,0.588079331,0.345837299,7.248012042,9.757935825,4.02E-05,3.69E-05,1.35E-10
1,9.672183147,0.810080792,0.65623089,8.462489583,11.55717642,3.81E-05,3.81E-05,1.21E-10
3,11.03101892,1.066007761,1.136372546,9.476651371,14.0633488,5.43E-05,5.43E-05,3.69E-10
3,8.384868817,0.764099431,0.583847941,7.428583641,10.6986291,4.98E-05,4.98E-05,3.54E-10
1,14.13693974,0.412567167,0.170211667,13.39068369,15.39191749,4.40E-05,4.40E-05,1.21E-10
0,14.64587899,0.462090895,0.213527995,13.92975045,15.89063378,3.63E-05,3.63E-05,1.88E-10
0,15.21431334,0.249327683,0.062164294,14.69279159,15.71333342,6.17E-05,5.48E-05,4.22E-10
3,15.86632124,1.515982492,2.298202916,12.62898596,17.4746571,6.45E-05,6.45E-05,2.97E-10
1,13.97597218,0.354104324,0.125389872,13.30069971,14.87832871,4.13E-05,4.13E-05,1.14E-10
2,11.1287454,0.387437632,0.150107919,10.2257979,11.99460651,3.47E-05,3.18E-05,1.00E-10
2,12.1990243,0.685832364,0.470366031,11.13744676,13.52871494,2.62E-05,2.62E-05,7.62E-11
2,13.40008981,0.667917584,0.446113898,12.23982951,14.92592602,2.18E-05,2.18E-05,9.54E-11
0,15.65049053,0.808451019,0.653593049,14.12364788,17.47705749,5.36E-05,5.36E-05,1.80E-10
1,13.03269265,0.244604947,0.05983158,12.50400562,13.71289306,3.81E-05,3.81E-05,1.21E-10
3,12.15596198,0.612812674,0.375539374,11.39187193,13.08625012,4.07E-05,4.75E-05,2.77E-10
3,12.33996718,0.249570786,0.062285577,11.98854208,13.08428003,4.98E-05,4.27E-05,3.54E-10
1,16.74669459,0.521971167,0.272453899,15.88883702,18.00548194,1.38E-05,1.38E-05,3.78E-11
0,17.55803136,0.87552828,0.766549769,16.58409659,20.68733396,2.07E-05,2.07E-05,1.07E-10
0,18.23677805,0.602483135,0.362985928,16.98140375,20.43443747,2.06E-05,1.37E-05,1.41E-10
3,28.52574416,1.319479485,1.74102611,24.99634663,30.69476619,5.99E-05,5.99E-05,2.76E-10
1,14.64602126,0.210621702,0.044361501,14.22367234,15.12357714,2.48E-05,2.48E-05,6.83E-11
2,22.66268271,1.552479115,2.410191404,20.92987673,28.41436614,2.89E-05,2.60E-05,8.37E-11
2,21.70452395,0.923395519,0.852659285,20.3273186,24.58436858,3.49E-05,3.20E-05,1.02E-10
2,19.6740378,0.307846392,0.094769401,19.12348001,20.63265533,1.31E-05,8.74E-06,5.73E-11
0,21.02000214,1.000704835,1.001410166,18.76013252,23.48081446,3.69E-05,3.69E-05,1.24E-10
1,15.43000116,0.358725235,0.128683794,14.94525225,16.35678841,2.85E-05,2.85E-05,9.06E-11
3,28.07404966,1.128630372,1.273806516,25.83293132,29.81650405,5.43E-05,4.75E-05,3.69E-10
3,27.38905967,1.269117981,1.610660449,25.93185701,31.89602335,4.98E-05,4.27E-05,3.54E-10
1,6.590896701,0.77270282,0.597069648,5.607995165,9.275288928,3.03E-05,3.30E-05,8.32E-11
0,5.800869459,0.14317679,0.020499593,5.585863719,6.15959894,5.18E-06,5.18E-06,2.69E-11
0,6.165967044,0.202524378,0.041016124,5.921002504,6.803616212,1.37E-05,1.37E-05,9.39E-11
3,7.566999037,0.376686881,0.141893006,6.884995405,8.317932924,4.15E-05,4.15E-05,1.91E-10
1,6.163308386,1.11232055,1.237257006,4.880850589,11.34589481,1.38E-05,1.38E-05,3.80E-11
2,6.323627363,0.419573524,0.176041942,5.87607824,7.80034766,2.03E-05,2.03E-05,5.86E-11
2,5.721734458,0.329246724,0.108403405,5.243470751,6.425494253,2.91E-06,2.91E-06,8.47E-12
2,5.503517062,0.149203908,0.022261806,5.283538353,5.818597581,8.74E-06,8.74E-06,3.82E-11
0,8.356918524,1.01042674,1.020962198,7.018891784,11.47256379,5.03E-05,5.03E-05,1.69E-10
1,6.925018286,0.54673874,0.29892325,6.268975671,8.858054849,3.17E-05,2.85E-05,1.01E-10
3,9.197698504,1.068515852,1.141726125,7.450130617,10.9134837,2.72E-05,2.72E-05,1.84E-10
3,5.816940295,0.129790844,0.016845663,5.624600628,6.08161578,1.42E-05,1.42E-05,1.01E-10
1,3.298878578,0.044685163,0.001996764,3.243944525,3.446786337,3.58E-05,3.58E-05,9.84E-11
0,4.711453807,0.244528741,0.059794305,4.372631114,5.287105455,1.04E-05,1.04E-05,5.37E-11
0,4.757325643,0.148416602,0.022027488,4.516710654,5.0241116,2.74E-05,2.06E-05,1.88E-10
3,5.438730629,0.363754715,0.132317492,4.387445501,6.474871636,5.07E-05,4.61E-05,2.34E-10
1,3.427003286,0.055313121,0.003059541,3.345361462,3.607920072,1.93E-05,1.65E-05,5.32E-11
2,4.382786821,0.110919403,0.012303114,4.177061279,4.65680108,3.47E-05,3.47E-05,1.00E-10
2,4.203599387,0.143006264,0.020450792,3.980680681,4.50430391,2.33E-05,2.33E-05,6.77E-11
2,4.085750102,0.077428914,0.005995237,3.962458723,4.320052464,2.18E-05,2.18E-05,9.54E-11
0,5.290107541,0.429668932,0.184615391,4.658332309,6.176735287,4.02E-05,4.02E-05,1.35E-10
1,3.568319568,0.059502499,0.003540547,3.484892053,3.718783571,9.52E-06,6.34E-06,3.02E-11
3,4.948746841,0.667094929,0.445015645,3.886973275,6.322905922,3.40E-05,3.40E-05,2.31E-10
3,4.079209257,0.146416129,0.021437683,3.939542011,4.476603416,2.85E-05,2.13E-05,2.03E-10
1,11.00954788,0.599359863,0.359232245,10.2985906,12.84943717,5.78E-05,5.78E-05,1.59E-10
0,9.346906424,0.438567126,0.192341124,8.788750556,10.53191402,4.15E-05,4.15E-05,2.15E-10
0,10.95663303,0.692098979,0.479000997,10.11932536,12.74645728,4.11E-05,3.43E-05,2.82E-10
3,10.27769185,0.42711278,0.182425327,9.037696545,11.13044562,6.45E-05,6.45E-05,2.97E-10
1,11.85847292,0.9104489,0.8289172,10.65682252,13.96884832,3.86E-05,3.86E-05,1.06E-10
2,8.249375194,0.320494316,0.102716607,7.827051872,9.368329957,4.05E-05,4.05E-05,1.17E-10
2,8.220348611,0.759616341,0.577016985,7.342552228,10.63958695,4.07E-05,3.78E-05,1.19E-10
2,8.422416878,0.428206528,0.18336083,7.798906753,9.649628363,4.37E-05,4.37E-05,1.91E-10
0,11.07118005,0.600085297,0.360102364,9.711281534,12.71608222,7.04E-05,7.04E-05,2.36E-10
1,11.27740797,0.615779224,0.379184053,10.45740674,12.78668288,5.08E-05,5.08E-05,1.61E-10
3,9.581952601,0.593010951,0.351661988,8.912850263,11.54361845,6.11E-05,5.43E-05,4.15E-10
3,9.227029706,0.531998023,0.283021897,8.301279629,10.71689974,4.98E-05,4.27E-05,3.54E-10
1,8.363044061,0.25415769,0.064596131,8.084771107,9.748073541,2.75E-05,2.75E-05,7.57E-11
0,12.35112276,0.793334478,0.629379595,11.45693499,15.09647864,3.11E-05,3.11E-05,1.61E-10
0,13.40078121,1.377256823,1.896836358,12.16033806,17.89500575,4.80E-05,4.11E-05,3.29E-10
3,13.30841314,1.078161407,1.162432019,10.82423619,16.44738266,5.99E-05,5.53E-05,2.76E-10
1,8.70034758,0.32497417,0.105608211,8.147533657,9.6461356,3.03E-05,3.03E-05,8.35E-11
2,9.741819669,0.42852207,0.183631164,9.122741608,10.77088464,1.16E-05,1.16E-05,3.35E-11
2,10.69298385,0.500867886,0.25086864,9.921502627,11.54391332,2.33E-05,2.33E-05,6.77E-11
2,9.733088,0.273822936,0.074979,9.343253826,10.68188641,2.62E-05,3.06E-05,1.15E-10
0,12.00038718,1.051523032,1.105700687,10.70341928,15.41967763,6.70E-05,6.37E-05,2.25E-10
1,9.076477527,0.508703276,0.258779023,8.385098927,11.38715907,2.22E-05,2.22E-05,7.04E-11
3,10.3512615,1.001148226,1.002297771,8.825957591,12.31246027,6.11E-05,5.43E-05,4.15E-10
3,9.095284199,0.489352392,0.239465763,8.659433083,10.94670967,3.56E-05,3.56E-05,2.53E-10
1,8.301096913,0.59578456,0.354959242,7.527905375,10.76753583,8.25E-06,1.10E-05,2.27E-11
0,9.95524588,0.513198793,0.263373001,9.272349165,11.56391109,5.18E-06,5.18E-06,2.69E-11
0,10.46689548,1.086437402,1.180346229,9.481225649,14.70834898,2.06E-05,1.37E-05,1.41E-10
3,12.40419747,0.855942835,0.732638138,11.22414671,14.86881454,6.45E-05,5.99E-05,2.97E-10
1,8.518175771,0.515498515,0.265738719,7.830517946,10.28097428,8.27E-06,8.27E-06,2.28E-11
2,11.1456099,0.738990673,0.546107214,10.23368741,13.90597989,1.16E-05,1.16E-05,3.35E-11
2,10.58067239,0.750118959,0.562678453,9.580403353,12.75846469,8.73E-06,5.82E-06,2.54E-11
2,10.03968062,0.446276145,0.199162398,9.355612993,11.1046149,4.37E-06,4.37E-06,1.91E-11
0,9.702785395,0.641376619,0.411363968,8.782940701,11.44217721,2.01E-05,2.35E-05,6.74E-11
1,8.281748937,0.520302878,0.270715085,7.589200302,9.670349183,9.52E-06,9.52E-06,3.02E-11
3,13.51121973,1.18625444,1.407199596,12.11821815,17.83896925,6.11E-05,5.43E-05,4.15E-10
3,13.57949985,1.404988783,1.973993481,11.76541318,17.68177519,7.12E-05,7.12E-05,5.06E-10
1,8.398487922,0.132985231,0.017685072,8.202812637,8.857871325,2.75E-05,2.75E-05,7.57E-11
0,7.312007861,0.121914081,0.014863043,7.170748921,7.611581325,1.04E-05,1.04E-05,5.37E-11
0,7.60877269,0.123776131,0.015320531,7.430609108,7.896614995,6.85E-06,6.85E-06,4.69E-11
3,12.81846098,1.24525639,1.550663476,10.23291257,15.50031075,6.91E-05,6.91E-05,3.19E-10
1,8.247518628,0.261884671,0.068583581,7.83168521,9.220773965,1.10E-05,1.10E-05,3.04E-11
2,9.537241476,0.219561723,0.04820735,9.228913015,10.37276432,2.89E-05,2.89E-05,8.37E-11
2,8.955992775,0.327247723,0.107091072,8.487904507,10.19935161,1.75E-05,1.75E-05,5.08E-11
2,8.804001406,0.143140976,0.020489339,8.566539627,9.119764393,2.18E-05,2.62E-05,9.54E-11
0,7.581255496,0.276566322,0.076488931,7.235457659,8.410121362,3.35E-05,3.35E-05,1.12E-10
1,8.291662326,0.201862893,0.040748627,7.946918828,8.693614018,1.90E-05,1.90E-05,6.04E-11
3,11.66763951,0.754844256,0.569789851,10.92341177,13.99629423,4.75E-05,4.07E-05,3.23E-10
3,10.0641598,0.224106926,0.050223914,9.790737575,10.72541142,2.13E-05,1.42E-05,1.52E-10
1,8.097959185,0.606763006,0.368161345,7.328412114,9.472997967,1.10E-05,1.10E-05,3.03E-11
0,6.9064418,0.326769635,0.106778395,6.532026794,7.846538449,2.59E-05,2.59E-05,1.34E-10
0,6.856358371,0.15161936,0.02298843,6.686650227,7.409972944,2.06E-05,2.74E-05,1.41E-10
3,9.539514779,0.453542699,0.20570098,7.990160961,10.22706402,6.91E-05,6.45E-05,3.19E-10
1,7.912120129,0.533776649,0.284917511,7.133526894,9.504059243,1.38E-05,1.38E-05,3.80E-11
2,6.413632333,0.306964779,0.094227375,6.039931555,7.552408254,8.68E-06,5.79E-06,2.51E-11
2,6.117140621,0.261439617,0.068350673,5.75295326,6.832665177,2.91E-06,2.91E-06,8.47E-12
2,6.17875315,0.200991714,0.040397669,5.902385015,6.773069796,8.74E-06,8.74E-06,3.82E-11
0,7.088745625,0.132030374,0.01743202,6.901923047,7.65544943,4.69E-05,4.69E-05,1.57E-10
1,8.774825616,0.615417864,0.378739148,7.897151133,10.16953442,6.34E-06,6.34E-06,2.01E-11
3,9.280296658,1.01733184,1.034964072,7.974630964,11.17998005,5.43E-05,5.43E-05,3.69E-10
3,7.205877741,0.193665809,0.037506446,6.986322881,7.992051965,2.85E-05,2.85E-05,2.03E-10
1,19.27190702,1.079426441,1.165161442,17.94541206,22.61399397,2.75E-05,2.75E-05,7.57E-11
0,19.08159837,0.416090418,0.173131236,18.41326842,20.21561842,3.63E-05,3.63E-05,1.88E-10
0,18.97707867,0.423608454,0.179444123,18.45751279,20.56409667,4.11E-05,4.11E-05,2.82E-10
3,18.41476055,1.166745327,1.361294658,16.30679386,21.05267176,5.53E-05,5.53E-05,2.55E-10
1,19.52591569,0.714144294,0.510002073,18.61018702,22.09270608,3.86E-05,3.86E-05,1.06E-10
2,17.00481976,0.358129373,0.128256647,16.4289779,17.77396172,3.18E-05,3.18E-05,9.21E-11
2,18.47296487,1.062349682,1.128586847,17.6074619,23.97508242,3.49E-05,3.20E-05,1.02E-10
2,18.66550287,0.468132292,0.219147843,18.01674719,20.11438205,2.62E-05,2.62E-05,1.15E-10
0,21.10813405,0.994583737,0.98919681,19.73804262,24.55277937,5.03E-05,5.03E-05,1.69E-10
1,17.94901971,0.902789643,0.81502914,16.72351809,21.3546851,3.49E-05,3.49E-05,1.11E-10
3,18.93359843,1.670407696,2.790261869,16.9682401,22.60165654,6.11E-05,6.11E-05,4.15E-10
3,16.11461564,0.273790079,0.074961007,15.81135021,16.94698476,2.13E-05,1.42E-05,1.52E-10
1,10.53805347,0.245759943,0.06039795,10.17254016,11.31198849,4.13E-05,4.13E-05,1.13E-10
0,10.68163495,0.214024513,0.045806492,10.37858115,11.14456409,3.11E-05,3.63E-05,1.61E-10
0,11.54808806,0.390061773,0.152148187,11.01049617,12.27981355,5.48E-05,5.48E-05,3.75E-10
3,14.0648855,0.515908012,0.266161077,13.26969279,15.41761054,6.91E-05,6.91E-05,3.19E-10
1,9.251482129,0.201812201,0.040728165,8.893361997,9.742991217,3.31E-05,3.03E-05,9.11E-11
2,9.303760236,0.241147873,0.058152297,8.96868766,10.053296,4.92E-05,4.92E-05,1.42E-10
2,8.722909288,0.230130672,0.052960126,8.390569482,9.157029321,2.62E-05,2.33E-05,7.62E-11
2,8.529708968,0.202979056,0.041200497,8.234843875,9.043489308,1.31E-05,1.75E-05,5.73E-11
0,12.97588989,0.612472848,0.37512299,11.99747511,15.15197735,6.03E-05,6.37E-05,2.02E-10
1,9.880063486,0.295704889,0.087441381,9.48117758,10.63613108,2.85E-05,2.54E-05,9.06E-11
3,13.18795543,0.489505291,0.23961543,12.38769964,14.33910222,5.43E-05,5.43E-05,3.69E-10
3,12.37677297,0.471382179,0.222201159,11.71607341,13.26694806,6.40E-05,5.69E-05,4.56E-10
1,13.74596169,0.755334832,0.570530708,12.79799312,16.87964172,3.85E-05,4.13E-05,1.06E-10
0,13.03504626,0.4455577,0.198521664,12.5076635,14.15225646,3.11E-05,3.11E-05,1.61E-10
0,13.16964822,0.463538322,0.214867776,12.72543308,14.72009597,4.80E-05,4.11E-05,3.29E-10
3,17.37512018,1.13805119,1.295160511,14.73253,19.32595835,6.45E-05,5.99E-05,2.97E-10
1,13.38649174,0.284378015,0.080870856,12.87830002,14.26540884,3.31E-05,3.31E-05,9.11E-11
2,12.89434664,0.725737879,0.526695469,11.7724149,14.72837482,2.89E-05,2.89E-05,8.37E-11
2,12.92199268,1.249033609,1.560084957,10.8517289,16.19242924,1.75E-05,1.45E-05,5.08E-11
2,12.80761848,1.545068582,2.387236924,10.70944814,16.84110465,2.18E-05,1.75E-05,9.54E-11
0,14.09383134,0.622525713,0.387538263,12.8404359,15.45281476,5.36E-05,5.36E-05,1.80E-10
1,13.39175346,0.214660669,0.046079203,13.09890647,14.13531998,3.81E-05,3.81E-05,1.21E-10
3,16.78574683,1.458847224,2.128235222,13.32771848,19.01031226,5.43E-05,5.43E-05,3.69E-10
3,13.30344263,0.477489942,0.227996645,12.91588282,15.27175523,2.13E-05,2.13E-05,1.52E-10
1,8.216022527,0.250815007,0.062908168,7.912232134,9.086665715,1.65E-05,1.65E-05,4.54E-11
0,8.399019132,0.121528001,0.014769055,8.222698602,8.621704584,5.18E-06,5.18E-06,2.69E-11
0,8.461631676,0.106944204,0.011437063,8.308676582,8.70074876,1.37E-05,1.37E-05,9.39E-11
3,11.13361569,0.876455401,0.76817407,9.624227494,12.89266337,3.69E-05,3.69E-05,1.70E-10
1,8.164700634,0.271133143,0.073513181,7.838100846,9.087545391,5.51E-06,5.51E-06,1.52E-11
2,9.766662163,0.514064247,0.26426205,9.233741646,11.32833641,8.68E-06,8.68E-06,2.51E-11
2,10.74628095,0.495429453,0.245450343,9.950122171,12.13629454,4.66E-05,4.66E-05,1.35E-10
2,10.12781275,0.357858887,0.128062983,9.717394055,11.08366253,1.75E-05,1.75E-05,7.64E-11
0,8.779232653,0.151946058,0.023087605,8.582669524,9.2738911,2.68E-05,2.68E-05,8.99E-11
1,8.207266228,0.207273874,0.042962459,7.962678575,8.847318398,9.52E-06,9.52E-06,3.02E-11
3,8.820597259,0.113675927,0.012922216,8.683624194,9.319095134,2.04E-05,2.04E-05,1.38E-10
3,9.647223127,0.512419879,0.262574133,9.082527146,10.89841498,1.42E-05,2.13E-05,1.01E-10
1,13.33306308,0.599144405,0.358974018,12.46069103,15.33041311,3.03E-05,3.03E-05,8.32E-11
0,12.24882589,0.537216754,0.28860184,11.62833656,13.74043415,4.15E-05,3.63E-05,2.15E-10
0,11.93778526,0.394941941,0.155979137,11.48272486,13.19396724,5.48E-05,4.80E-05,3.75E-10
3,14.52465002,0.98071156,0.961795164,13.04189862,16.91398445,6.45E-05,5.99E-05,2.97E-10
1,13.34283188,1.009205381,1.018495501,12.15465137,16.78190173,4.13E-05,3.86E-05,1.14E-10
2,11.20751263,0.907971458,0.824412168,10.13634549,13.66987202,2.32E-05,2.32E-05,6.70E-11
2,10.39960871,0.66473785,0.44187641,9.525057921,11.8426602,2.33E-05,2.04E-05,6.77E-11
2,11.06939604,0.792652966,0.628298724,10.13981512,13.62468383,2.62E-05,2.18E-05,1.15E-10
0,12.10597923,0.740283929,0.548020295,11.33646407,14.3244828,5.03E-05,4.69E-05,1.69E-10
1,12.8929145,0.719964838,0.518349367,12.08255617,15.17667774,4.76E-05,4.76E-05,1.51E-10
3,14.66531764,0.470128681,0.221020977,13.87990018,15.9660892,4.75E-05,4.75E-05,3.23E-10
3,14.88854787,1.155918615,1.336147844,13.17107239,17.11574859,4.98E-05,4.27E-05,3.54E-10
1,5.061034778,0.546476963,0.298637072,3.932985015,6.632341416,2.20E-05,2.20E-05,6.05E-11
0,3.233200126,0.118020159,0.013928758,3.072017872,3.481062698,2.59E-05,2.59E-05,1.34E-10
0,4.677991234,0.225599965,0.050895344,4.10545746,5.457216579,3.43E-05,2.74E-05,2.35E-10
3,14.39197432,2.069873016,4.284374304,8.125258825,16.99995976,5.07E-05,4.61E-05,2.34E-10
1,6.756982826,1.428474067,2.04053816,4.388741802,9.923212038,1.65E-05,1.65E-05,4.56E-11
2,2.1880392,0.027727605,0.00076882,2.138519741,2.230219076,2.89E-05,2.60E-05,8.37E-11
2,2.414133201,0.05914081,0.003497635,2.321656778,2.529817469,0,0,0
2,2.570715268,0.029792712,0.000887606,2.515571754,2.620757179,1.31E-05,1.75E-05,5.73E-11
0,11.24477488,3.038046644,9.229727408,4.093605482,16.86044899,6.03E-05,6.03E-05,2.02E-10
1,7.410467072,0.690039538,0.476154564,6.412706086,9.318332192,1.59E-05,1.27E-05,5.03E-11
3,13.08416482,3.952721178,15.62400471,6.423404654,18.06780735,6.11E-05,5.43E-05,4.15E-10
3,14.48900232,1.10154527,1.213401981,12.7569021,17.70890915,7.12E-05,6.40E-05,5.06E-10
1,5.858209891,0.070696065,0.004997934,5.728320667,5.988982497,3.30E-05,3.03E-05,9.08E-11
0,6.931957096,0.270985041,0.073432893,6.512423535,7.457818483,2.07E-05,2.07E-05,1.07E-10
0,7.381978013,0.193250901,0.037345911,7.167292931,8.018054556,4.80E-05,4.80E-05,3.29E-10
3,7.646410091,0.21281335,0.045289522,7.332049526,8.227331469,5.53E-05,5.07E-05,2.55E-10
1,6.804826793,0.222273533,0.049405523,6.470998463,7.487796222,2.76E-05,2.76E-05,7.59E-11
2,6.889442087,0.215161547,0.046294491,6.561304953,7.363595361,1.45E-05,1.45E-05,4.19E-11
2,7.699880725,0.484058868,0.234312987,6.989363092,9.002745003,3.78E-05,3.78E-05,1.10E-10
2,7.489720949,0.284993675,0.081221395,6.847693643,8.069858515,5.68E-05,5.24E-05,2.48E-10
0,7.566580618,0.257260243,0.066182833,7.155117552,8.35295018,3.69E-05,3.35E-05,1.24E-10
1,6.454389487,0.136512326,0.018635615,6.312431952,6.911911385,1.90E-05,1.59E-05,6.04E-11
3,7.610832248,0.288811433,0.083412044,7.121683219,8.321266599,4.07E-05,4.07E-05,2.77E-10
3,8.316735164,0.458575681,0.210291655,7.670587158,9.736683304,5.69E-05,5.69E-05,4.05E-10
1,11.65567009,1.30013872,1.690360691,9.992173912,14.83368635,3.03E-05,3.03E-05,8.32E-11
0,9.381556371,0.469165986,0.220116722,8.621164983,10.21834598,2.07E-05,2.07E-05,1.07E-10
0,11.14743279,0.662433241,0.438817799,10.12719358,12.71650847,2.74E-05,2.06E-05,1.88E-10
3,14.76194233,1.991135694,3.964621352,10.10153032,19.46057518,4.61E-05,4.61E-05,2.12E-10
1,10.73212074,1.487633544,2.213053562,8.845173881,16.33045563,1.93E-05,1.93E-05,5.32E-11
2,7.751945671,1.186165343,1.406988221,6.238652244,10.58033979,2.89E-06,2.89E-06,8.37E-12
2,7.893588259,1.28773783,1.658268719,6.270276571,11.06102533,2.91E-06,5.82E-06,8.47E-12
2,10.08628665,1.351015029,1.825241607,8.246570547,13.57276064,8.74E-06,8.74E-06,3.82E-11
0,12.95998505,1.317336919,1.735376557,10.75867757,18.52881285,5.03E-05,4.69E-05,1.69E-10
1,10.77786233,1.382035244,1.910021416,9.156821047,15.68084991,2.22E-05,1.90E-05,7.04E-11
3,11.82590993,2.230533593,4.97528011,9.276134009,17.22814556,4.07E-05,4.07E-05,2.77E-10
3,10.1518206,0.58628865,0.343734382,9.285077389,11.53901086,2.85E-05,2.85E-05,2.03E-10
1,7.863638758,0.758588785,0.575456945,7.071338216,10.9834808,4.40E-05,4.40E-05,1.21E-10
0,8.002406022,0.157984127,0.024958984,7.776337688,8.39536491,4.15E-05,4.67E-05,2.15E-10
0,8.994771182,0.549936025,0.302429632,7.764591492,10.13411683,6.85E-05,6.17E-05,4.69E-10
3,14.64834599,0.896118895,0.803029073,12.789142,16.72973399,5.99E-05,5.99E-05,2.76E-10
1,8.326765902,0.790921719,0.625557165,7.570972752,11.2760196,4.41E-05,4.41E-05,1.21E-10
2,10.61156806,0.507756253,0.257816413,9.746688227,11.97397465,4.05E-05,4.34E-05,1.17E-10
2,11.72677932,0.910511161,0.829030575,10.68406729,14.62779395,4.95E-05,4.95E-05,1.44E-10
2,9.294369149,0.31225194,0.097501274,8.862555215,10.05994564,3.93E-05,3.93E-05,1.72E-10
0,8.811463258,0.682010574,0.465138422,7.477679356,10.29992503,5.70E-05,5.70E-05,1.91E-10
1,7.518692099,0.359358572,0.129138583,6.972205028,8.284986002,2.54E-05,2.22E-05,8.05E-11
3,17.78068361,0.827352894,0.684512812,15.91807693,19.99355829,6.79E-05,6.11E-05,4.61E-10
3,15.82966286,0.931924359,0.86848301,14.3659696,17.60900431,5.69E-05,4.98E-05,4.05E-10
1,11.12906311,0.257756909,0.066438624,10.71099933,11.63965815,8.25E-06,8.25E-06,2.27E-11
0,13.39523706,0.719141767,0.517164881,12.9389315,15.83592133,3.63E-05,3.63E-05,1.88E-10
0,11.58484127,0.12532638,0.015706701,11.40299557,11.89117769,2.06E-05,2.06E-05,1.41E-10
3,15.77657975,1.904727994,3.627988733,11.95015956,18.29040603,4.15E-05,4.15E-05,1.91E-10
1,11.34528283,0.309472449,0.095773197,10.93541992,12.57882519,2.48E-05,2.48E-05,6.83E-11
2,13.19476391,0.322736404,0.104158786,12.87146571,14.32944896,3.47E-05,3.47E-05,1.00E-10
2,14.14611422,0.907490971,0.823539863,12.93298539,15.95791553,3.20E-05,3.20E-05,9.31E-11
2,14.41029066,0.433929104,0.188294468,13.86788875,15.88192932,3.06E-05,2.62E-05,1.34E-10
0,18.15766021,2.428589249,5.898045741,12.77398995,22.0067532,3.35E-05,3.35E-05,1.12E-10
1,11.42153905,0.453921129,0.206044391,10.802553,12.38156673,3.17E-05,3.49E-05,1.01E-10
3,11.81590514,0.314502712,0.098911956,11.4674208,12.69183454,3.40E-05,4.07E-05,2.31E-10
3,11.54638308,0.181757402,0.033035753,11.30987642,11.99231015,0,0,0
